name,number,game_id,place,date
[music party] ,#9,65996,Old School Pub,"1 ноября, Среда"
[мультики] ,#8,65997,Papa' S Bar & Grill,"1 ноября, Среда"
[новички] ,#899,65984,Резиденция,"1 ноября, Среда"
"Квиз, плиз! ",#899,65994,Chesterfield Bar,"1 ноября, Среда"
[HALLOWEEN] ,#3,65986,Резиденция,"31 октября, Вторник"
"Квиз, плиз! ",#899,65993,Chesterfield Bar,"31 октября, Вторник"
[music party] кринж эдишн ,#2,65790,Chesterfield Bar,"30 октября, Понедельник"
"Квиз, плиз! ",#899,65985,Резиденция,"30 октября, Понедельник"
"Квиз, плиз! ",#898,65679,Chesterfield Bar,"29 октября, Воскресенье"
"Квиз, плиз!.jpeg [стрим] ",#2,65978,"Везде, где есть интернет","29 октября, Воскресенье"
[300к1] 18+ ,#3,65661,Резиденция,"29 октября, Воскресенье"
[HALLOWEEN] ,#3,65760,Papa' S Bar & Grill,"29 октября, Воскресенье"
[music party] ,#9,65680,Chesterfield Bar,"29 октября, Воскресенье"
"Квиз, плиз! ",#898,65678,Chesterfield Bar,"28 октября, Суббота"
"Квиз, плиз! [стрим] ",#379,65977,"Везде, где есть интернет","28 октября, Суббота"
[Гарри Поттер] Битва факультетов ,#2,65660,Резиденция,"28 октября, Суббота"
"Квиз, плиз! ",#897,65671,"Дорогая, я перезвоню","28 октября, Суббота"
"Квиз, плиз! ",#898,65666,Papa' S Bar & Grill,"28 октября, Суббота"
[кино и музыка] ,#144,65681,Chesterfield Bar,"28 октября, Суббота"
[Октоберфест] ,#1,65663,Bla Bla Bar,"28 октября, Суббота"
[HALLOWEEN] ,#3,65402,Резиденция,"27 октября, Пятница"
[шазам] 2010-е ,#2,65673,CLUB LIBERTY BAR,"27 октября, Пятница"
"Квиз, плиз! ",#898,65677,Chesterfield Bar,"27 октября, Пятница"
"Квиз, плиз! [стрим] ",#378,65979,"Везде, где есть интернет","27 октября, Пятница"
"Квиз, плиз! ",#897,65665,Papa' S Bar & Grill,"27 октября, Пятница"
[300к1] 18+ ,#3,65668,Bla Bla Bar,"26 октября, Четверг"
[кино и музыка] ,#144,65659,Резиденция,"26 октября, Четверг"
[мультики] ,#8,65672,CLUB LIBERTY BAR,"26 октября, Четверг"
"Квиз, плиз! ",#896,65669,Известия Hall,"26 октября, Четверг"
"Квиз, плиз! ",#897,65670,"Дорогая, я перезвоню","26 октября, Четверг"
"Квиз, плиз! ",#897,65676,Chesterfield Bar,"26 октября, Четверг"
[music party] ,#9,65662,Old School Pub,"25 октября, Среда"
[новички] ,#896,65658,Резиденция,"25 октября, Среда"
[Октоберфест] ,#1,65390,LION'S HEAD PUB,"25 октября, Среда"
"Квиз, плиз! ",#896,65675,Chesterfield Bar,"25 октября, Среда"
[назад в СССР] ,#7,65664,Papa' S Bar & Grill,"24 октября, Вторник"
"Квиз, плиз! ",#896,65674,Chesterfield Bar,"24 октября, Вторник"
Кино и музыка [новички] ,#143,65657,Резиденция,"24 октября, Вторник"
[300к1] 18+ ,#3,65368,Chesterfield Bar,"23 октября, Понедельник"
"Квиз, плиз! ",#896,65656,Резиденция,"23 октября, Понедельник"
"Квиз, плиз! ",#895,65235,Chesterfield Bar,"22 октября, Воскресенье"
Кино и музыка [стрим] ,#90,65655,"Везде, где есть интернет","22 октября, Воскресенье"
[шазам] 2010-е ,#2,65216,Резиденция,"22 октября, Воскресенье"
[music party] ,#9,65237,Chesterfield Bar,"22 октября, Воскресенье"
[teens] ,#30,65223,Old School Pub,"22 октября, Воскресенье"
"Квиз, плиз! ",#895,65233,Chesterfield Bar,"21 октября, Суббота"
"Квиз, плиз! [стрим] ",#377,65653,"Везде, где есть интернет","21 октября, Суббота"
[Телеигры] ,#3,65222,"Дорогая, я перезвоню","21 октября, Суббота"
"Квиз, плиз! ",#894,65215,Резиденция,"21 октября, Суббота"
[мультики] ,#8,65012,Chesterfield Bar,"21 октября, Суббота"
[назад в СССР] ,#7,65218,Old School Pub,"21 октября, Суббота"
[Гарри Поттер] Битва факультетов ,#2,65227,Известия Hall,"20 октября, Пятница"
[кино и музыка] ,#143,65214,Резиденция,"20 октября, Пятница"
"Квиз, плиз! ",#895,65232,Chesterfield Bar,"20 октября, Пятница"
"Квиз, плиз! ",#895,65225,CLUB LIBERTY BAR,"20 октября, Пятница"
"Квиз, плиз! [стрим] ",#376,65650,"Везде, где есть интернет","20 октября, Пятница"
"Квиз, плиз! ",#894,65226,Papa' S Bar & Grill,"20 октября, Пятница"
"English, please! [movies&music] ",#143,64921,"Дорогая, я перезвоню","19 октября, Четверг"
[music party] ,#9,65224,CLUB LIBERTY BAR,"19 октября, Четверг"
[назад в СССР] ,#7,65011,Резиденция,"19 октября, Четверг"
"Квиз, плиз! ",#894,65230,Chesterfield Bar,"19 октября, Четверг"
"Квиз, плиз! ",#894,65221,Bla Bla Bar,"19 октября, Четверг"
[Гарри Поттер] Битва факультетов ,#2,65220,Bla Bla Bar,"18 октября, Среда"
[новички] ,#893,65213,Резиденция,"18 октября, Среда"
[шазам] 2010-е ,#2,65217,Old School Pub,"18 октября, Среда"
"Квиз, плиз! ",#893,65229,Chesterfield Bar,"18 октября, Среда"
[кино и музыка] ,#143,65212,Резиденция,"17 октября, Вторник"
"Квиз, плиз! ",#893,65228,Chesterfield Bar,"17 октября, Вторник"
[music party] ,#9,64984,Chesterfield Bar,"16 октября, Понедельник"
"Квиз, плиз! ",#893,65211,Резиденция,"16 октября, Понедельник"
Music party [стрим] 2000-х ,#2,65207,"Везде, где есть интернет","15 октября, Воскресенье"
"Квиз, плиз! ",#892,64844,Chesterfield Bar,"15 октября, Воскресенье"
"Квиз, плиз!.jpeg ",#5,64826,Резиденция,"15 октября, Воскресенье"
[кино и музыка] ,#143,64845,Chesterfield Bar,"15 октября, Воскресенье"
"Квиз, плиз! ",#892,64843,Chesterfield Bar,"14 октября, Суббота"
"Квиз, плиз! [стрим] ",#375,65206,"Везде, где есть интернет","14 октября, Суббота"
[шазам] 2010-е ,#2,64837,"Дорогая, я перезвоню","14 октября, Суббота"
"Квиз, плиз! ",#892,64825,Резиденция,"14 октября, Суббота"
[Eurovision] ,#1,64828,Old School Pub,"14 октября, Суббота"
[новички] ,#891,64842,Chesterfield Bar,"14 октября, Суббота"
[Гарри Поттер] Битва факультетов ,#2,64833,Известия Hall,"13 октября, Пятница"
[Телеигры] ,#3,64824,Резиденция,"13 октября, Пятница"
"Квиз, плиз! ",#891,64835,CLUB LIBERTY BAR,"13 октября, Пятница"
"Квиз, плиз! ",#892,64840,Chesterfield Bar,"13 октября, Пятница"
"Квиз, плиз! [стрим] ",#374,65205,"Везде, где есть интернет","13 октября, Пятница"
"Квиз, плиз! ",#891,64832,Papa' S Bar & Grill,"13 октября, Пятница"
[кино и музыка] ,#143,64823,Резиденция,"12 октября, Четверг"
[новички] ,#890,64829,Bla Bla Bar,"12 октября, Четверг"
"Квиз, плиз! ",#891,64839,Chesterfield Bar,"12 октября, Четверг"
"Квиз, плиз! ",#891,64834,CLUB LIBERTY BAR,"12 октября, Четверг"
"Квиз, плиз!.jpeg ",#5,64836,"Дорогая, я перезвоню","12 октября, Четверг"
[Гарри Поттер] Битва факультетов ,#1,64827,Old School Pub,"11 октября, Среда"
"Квиз, плиз! ",#890,64838,Chesterfield Bar,"11 октября, Среда"
Кино и музыка [новички] ,#142,64822,Резиденция,"11 октября, Среда"
[шазам] 2010-е ,#2,64573,Chesterfield Bar,"10 октября, Вторник"
"Квиз, плиз! ",#890,64821,Резиденция,"10 октября, Вторник"
[Гарри Поттер] Битва факультетов ,#2,64572,Chesterfield Bar,"9 октября, Понедельник"
"Квиз, плиз! ",#890,64820,Резиденция,"9 октября, Понедельник"
"Квиз, плиз! ",#889,64425,Chesterfield Bar,"8 октября, Воскресенье"
Кино и музыка [стрим] ,#89,64819,"Везде, где есть интернет","8 октября, Воскресенье"
[Гарри Поттер] Битва факультетов ,#1,64417,Резиденция,"8 октября, Воскресенье"
[кино и музыка] ,#142,64424,Chesterfield Bar,"8 октября, Воскресенье"
"Квиз, плиз! ",#889,64423,Chesterfield Bar,"7 октября, Суббота"
"Квиз, плиз! [стрим] ",#373,64818,"Везде, где есть интернет","7 октября, Суббота"
"Квиз, плиз! ",#888,64416,Резиденция,"7 октября, Суббота"
"Квиз, плиз! ",#889,64411,"Дорогая, я перезвоню","7 октября, Суббота"
[Телеигры] ,#3,64407,Old School Pub,"7 октября, Суббота"
"Квиз, плиз!.jpeg ",#5,64422,Chesterfield Bar,"7 октября, Суббота"
[MARVEL] ,#4,64400,CLUB LIBERTY BAR,"6 октября, Пятница"
[кино и музыка] ,#142,64415,Резиденция,"6 октября, Пятница"
"Квиз, плиз! ",#889,64421,Chesterfield Bar,"6 октября, Пятница"
"Квиз, плиз! [стрим] ",#372,64817,"Везде, где есть интернет","6 октября, Пятница"
"Квиз, плиз! ",#888,64403,Papa' S Bar & Grill,"6 октября, Пятница"
[Лихие 90-е] ,#1,64410,Papa' S Bar & Grill,"5 октября, Четверг"
[Телеигры] ,#3,64414,Резиденция,"5 октября, Четверг"
"Квиз, плиз! ",#888,64420,Chesterfield Bar,"5 октября, Четверг"
"Квиз, плиз! ",#888,64402,CLUB LIBERTY BAR,"5 октября, Четверг"
"Квиз, плиз!.jpeg ",#5,64408,Bla Bla Bar,"5 октября, Четверг"
[Eurovision] ,#1,64242,Резиденция,"4 октября, Среда"
[новички] ,#887,64404,Old School Pub,"4 октября, Среда"
"Квиз, плиз! ",#887,64419,Chesterfield Bar,"4 октября, Среда"
[кино и музыка] ,#142,64413,Резиденция,"3 октября, Вторник"
"Квиз, плиз! ",#887,64418,Chesterfield Bar,"3 октября, Вторник"
"Квиз, плиз! ",#887,64412,Резиденция,"2 октября, Понедельник"
"Квиз, плиз!.jpeg ",#5,64209,Chesterfield Bar,"2 октября, Понедельник"
300к1 [стрим] ,#4,64399,"Везде, где есть интернет","1 октября, Воскресенье"
"Квиз, плиз! ",#886,64012,Chesterfield Bar,"1 октября, Воскресенье"
[music party] рашн эдишн ,#2,63994,Резиденция,"1 октября, Воскресенье"
[Гарри Поттер] Битва факультетов ,#1,64013,Chesterfield Bar,"1 октября, Воскресенье"
"Квиз, плиз! ",#886,64011,Chesterfield Bar,"30 сентября, Суббота"
"Квиз, плиз! [стрим] ",#371,64398,"Везде, где есть интернет","30 сентября, Суббота"
"Квиз, плиз! ",#885,63993,Резиденция,"30 сентября, Суббота"
"Квиз, плиз! ",#886,64003,"Дорогая, я перезвоню","30 сентября, Суббота"
[кино и музыка] ,#142,63999,Old School Pub,"30 сентября, Суббота"
[Телеигры] ,#3,64010,Chesterfield Bar,"30 сентября, Суббота"
[кино и музыка] ,#142,64063,Известия Hall,"29 сентября, Пятница"
[Лихие 90-е] ,#1,64005,CLUB LIBERTY BAR,"29 сентября, Пятница"
"Квиз, плиз! ",#885,63992,Резиденция,"29 сентября, Пятница"
"Квиз, плиз! ",#886,64009,Chesterfield Bar,"29 сентября, Пятница"
"Квиз, плиз! [стрим] ",#370,64397,"Везде, где есть интернет","29 сентября, Пятница"
"Квиз, плиз! ",#885,64001,Papa' S Bar & Grill,"29 сентября, Пятница"
"[English, please!] ",#884,64002,"Дорогая, я перезвоню","28 сентября, Четверг"
[MARVEL] ,#4,63839,Резиденция,"28 сентября, Четверг"
[аниме] ,#2,64004,CLUB LIBERTY BAR,"28 сентября, Четверг"
"Квиз, плиз! ",#885,64008,Chesterfield Bar,"28 сентября, Четверг"
"Квиз, плиз! ",#885,64000,Bla Bla Bar,"28 сентября, Четверг"
[Гарри Поттер] Битва факультетов ,#1,63991,Резиденция,"27 сентября, Среда"
[новички] ,#884,63998,Old School Pub,"27 сентября, Среда"
"Квиз, плиз! ",#884,64007,Chesterfield Bar,"27 сентября, Среда"
"Квиз, плиз! ",#884,64006,Chesterfield Bar,"26 сентября, Вторник"
Кино и музыка [новички] ,#141,63990,Резиденция,"26 сентября, Вторник"
[Телеигры] ,#3,63794,Chesterfield Bar,"25 сентября, Понедельник"
"Квиз, плиз! ",#884,63989,Резиденция,"25 сентября, Понедельник"
"Квиз, плиз! ",#883,63614,Chesterfield Bar,"24 сентября, Воскресенье"
Кино и музыка [стрим] ,#88,63997,"Везде, где есть интернет","24 сентября, Воскресенье"
[music party] рашн эдишн ,#2,63593,Резиденция,"24 сентября, Воскресенье"
[кино и музыка] ,#141,63616,Chesterfield Bar,"24 сентября, Воскресенье"
[afterparty] ,#3,63728,Резиденция,"23 сентября, Суббота"
"Квиз, плиз! ",#883,63613,Chesterfield Bar,"23 сентября, Суббота"
"Квиз, плиз! [стрим] ",#369,63996,"Везде, где есть интернет","23 сентября, Суббота"
[видеоигры] ,#7,63600,"Дорогая, я перезвоню","23 сентября, Суббота"
"Квиз, плиз! ",#882,63592,Резиденция,"23 сентября, Суббота"
[Гарри Поттер] Битва факультетов ,#1,63617,Chesterfield Bar,"23 сентября, Суббота"
"Квиз, плиз! ",#883,63595,Old School Pub,"23 сентября, Суббота"
[music party] рашн эдишн ,#2,63603,CLUB LIBERTY BAR,"22 сентября, Пятница"
[аниме] ,#2,63420,Известия Hall,"22 сентября, Пятница"
"Квиз, плиз! ",#882,63591,Резиденция,"22 сентября, Пятница"
"Квиз, плиз! ",#883,63609,Chesterfield Bar,"22 сентября, Пятница"
"Квиз, плиз! [стрим] ",#368,63995,"Везде, где есть интернет","22 сентября, Пятница"
"Квиз, плиз! ",#882,63597,Papa' S Bar & Grill,"22 сентября, Пятница"
[Гарри Поттер] Битва факультетов ,#1,63602,CLUB LIBERTY BAR,"21 сентября, Четверг"
[кино и музыка] ,#141,63590,Резиденция,"21 сентября, Четверг"
"Квиз, плиз! ",#881,63598,"Дорогая, я перезвоню","21 сентября, Четверг"
"Квиз, плиз! ",#882,63608,Chesterfield Bar,"21 сентября, Четверг"
Церемония открытия сезона игр [кино и музыка] ,,63596,Известия Hall,"21 сентября, Четверг"
[Лихие 90-е] ,#1,63594,Old School Pub,"20 сентября, Среда"
[новички] ,#881,63589,Резиденция,"20 сентября, Среда"
"Квиз, плиз! ",#881,63606,Chesterfield Bar,"20 сентября, Среда"
[кино и музыка] ,#141,63588,Резиденция,"19 сентября, Вторник"
"Квиз, плиз! ",#881,63605,Chesterfield Bar,"19 сентября, Вторник"
[Гарри Поттер] Битва факультетов ,#1,63419,Chesterfield Bar,"18 сентября, Понедельник"
"Квиз, плиз! ",#881,63587,Резиденция,"18 сентября, Понедельник"
"Квиз, плиз! ",#880,63307,Chesterfield Bar,"17 сентября, Воскресенье"
Сериалы [стрим] рашн эдишн ,#1,63678,"Везде, где есть интернет","17 сентября, Воскресенье"
[кино и музыка] ,#141,63288,Резиденция,"17 сентября, Воскресенье"
[music party] рашн эдишн ,#2,63306,Chesterfield Bar,"17 сентября, Воскресенье"
"Квиз, плиз! ",#880,63305,Chesterfield Bar,"16 сентября, Суббота"
"Квиз, плиз! [стрим] ",#367,63586,"Везде, где есть интернет","16 сентября, Суббота"
[про кино] 2000-х ,#2,63294,"Дорогая, я перезвоню","16 сентября, Суббота"
"Квиз, плиз! ",#879,63287,Резиденция,"16 сентября, Суббота"
[Ведьмак] ,#1,63289,Old School Pub,"16 сентября, Суббота"
[новички] ,#879,63304,Chesterfield Bar,"16 сентября, Суббота"
[music party] рашн эдишн ,#2,63286,Резиденция,"15 сентября, Пятница"
"Квиз, плиз! ",#880,63303,Chesterfield Bar,"15 сентября, Пятница"
"Квиз, плиз! ",#880,63297,CLUB LIBERTY BAR,"15 сентября, Пятница"
"Квиз, плиз! [стрим] ",#366,63585,"Везде, где есть интернет","15 сентября, Пятница"
"Квиз, плиз! ",#879,63292,Papa' S Bar & Grill,"15 сентября, Пятница"
[видеоигры] ,#7,63293,"Дорогая, я перезвоню","14 сентября, Четверг"
[кино и музыка] ,#141,63285,Резиденция,"14 сентября, Четверг"
[Лихие 90-е] ,#1,63295,CLUB LIBERTY BAR,"14 сентября, Четверг"
"Квиз, плиз! ",#879,63302,Chesterfield Bar,"14 сентября, Четверг"
"Квиз, плиз! ",#879,63291,Bla Bla Bar,"14 сентября, Четверг"
[Back to school] ,#1,63290,Old School Pub,"13 сентября, Среда"
[новички] ,#878,63284,Резиденция,"13 сентября, Среда"
"Квиз, плиз! ",#878,63301,Chesterfield Bar,"13 сентября, Среда"
"Квиз, плиз! ",#878,63300,Chesterfield Bar,"12 сентября, Вторник"
Кино и музыка [новички] ,#140,63283,Резиденция,"12 сентября, Вторник"
"Квиз, плиз!",,63754,Magnus Locus,"12 сентября, Вторник"
[music party] рашн эдишн ,#2,63030,Chesterfield Bar,"11 сентября, Понедельник"
"Квиз, плиз! ",#878,63282,Резиденция,"11 сентября, Понедельник"
"Квиз, плиз! ",#877,62859,Chesterfield Bar,"10 сентября, Воскресенье"
Кино и музыка [стрим] ,#87,63248,"Везде, где есть интернет","10 сентября, Воскресенье"
[видеоигры] ,#7,62843,Резиденция,"10 сентября, Воскресенье"
[Back to school] ,#1,62858,Chesterfield Bar,"10 сентября, Воскресенье"
[teens] ,#29,62851,Old School Pub,"10 сентября, Воскресенье"
"Квиз, плиз! ",#877,62857,Chesterfield Bar,"9 сентября, Суббота"
"Квиз, плиз! [стрим] ",#365,63247,"Везде, где есть интернет","9 сентября, Суббота"
[Лихие 90-е] ,#1,62850,"Дорогая, я перезвоню","9 сентября, Суббота"
"Квиз, плиз! ",#876,62842,Резиденция,"9 сентября, Суббота"
[кино и музыка] ,#140,62856,Chesterfield Bar,"9 сентября, Суббота"
"Квиз, плиз! ",#877,62845,Old School Pub,"9 сентября, Суббота"
[видеоигры] ,#7,62683,Известия Hall,"8 сентября, Пятница"
[про кино] 2000-х ,#2,62848,CLUB LIBERTY BAR,"8 сентября, Пятница"
"Квиз, плиз! ",#876,62841,Резиденция,"8 сентября, Пятница"
"Квиз, плиз! ",#877,62855,Chesterfield Bar,"8 сентября, Пятница"
"Квиз, плиз! [стрим] ",#364,63246,"Везде, где есть интернет","8 сентября, Пятница"
[Back to school] ,#1,62847,CLUB LIBERTY BAR,"7 сентября, Четверг"
[путешествия] ,#6,62849,"Дорогая, я перезвоню","7 сентября, Четверг"
"Квиз, плиз! ",#875,62846,Lookin Rooms (Диско 90-х),"7 сентября, Четверг"
"Квиз, плиз! ",#876,62840,Резиденция,"7 сентября, Четверг"
ОТКРЫТИЕ ОСЕННЕГО СЕЗОНА [финал] ,,62854,Chesterfield Bar,"7 сентября, Четверг"
[новички] ,#875,62839,Резиденция,"6 сентября, Среда"
[про историю] ,#3,62844,Old School Pub,"6 сентября, Среда"
"Квиз, плиз! ",#876,62853,Chesterfield Bar,"6 сентября, Среда"
[кино и музыка] ,#140,62838,Резиденция,"5 сентября, Вторник"
"Квиз, плиз! ",#875,62852,Chesterfield Bar,"5 сентября, Вторник"
[Лихие 90-е] ,#1,62685,Chesterfield Bar,"4 сентября, Понедельник"
"Квиз, плиз! ",#875,62837,Резиденция,"4 сентября, Понедельник"
Music party [стрим] ,#6,62836,"Везде, где есть интернет","3 сентября, Воскресенье"
"Квиз, плиз! ",#874,62539,Chesterfield Bar,"3 сентября, Воскресенье"
[про кино] 2000-х ,#2,62526,Резиденция,"3 сентября, Воскресенье"
[кино и музыка] ,#140,62537,Chesterfield Bar,"3 сентября, Воскресенье"
"Квиз, плиз! ",#874,62532,Chesterfield Bar,"2 сентября, Суббота"
"Квиз, плиз! [стрим] ",#363,62835,"Везде, где есть интернет","2 сентября, Суббота"
"Квиз, плиз! ",#873,62523,Резиденция,"2 сентября, Суббота"
"Квиз, плиз!.jpeg ",#4,62547,"Дорогая, я перезвоню","2 сентября, Суббота"
[Back to school] ,#1,62534,Chesterfield Bar,"2 сентября, Суббота"
[новички] ,#873,62553,Old School Pub,"2 сентября, Суббота"
[Back to school] ,#1,62550,CLUB LIBERTY BAR,"1 сентября, Пятница"
[про кино] 2000-х ,#2,62521,Резиденция,"1 сентября, Пятница"
"Квиз, плиз! ",#873,62552,Известия Hall,"1 сентября, Пятница"
"Квиз, плиз! ",#874,62535,Chesterfield Bar,"1 сентября, Пятница"
"Квиз, плиз! [стрим] ",#362,62834,"Везде, где есть интернет","1 сентября, Пятница"
[кино и музыка] ,#140,62551,Известия Hall,"31 августа, Четверг"
[новички] ,#872,62520,Резиденция,"31 августа, Четверг"
"Квиз, плиз! ",#872,62549,CLUB LIBERTY BAR,"31 августа, Четверг"
"Квиз, плиз! ",#874,62530,Chesterfield Bar,"31 августа, Четверг"
"Квиз, плиз!.jpeg ",#4,62545,"Дорогая, я перезвоню","31 августа, Четверг"
[путешествия] ,#6,62540,Old School Pub,"30 августа, Среда"
"Квиз, плиз! ",#872,62543,Papa' S Bar & Grill,"30 августа, Среда"
ОТКРЫТИЕ ОСЕННЕГО СЕЗОНА [полуфинал] ,#873,62561,Chesterfield Bar,"30 августа, Среда"
ОТКРЫТИЕ ОСЕННЕГО СЕЗОНА [полуфинал] ,#873,62562,Резиденция,"30 августа, Среда"
"Квиз, плиз! ",#872,62528,Chesterfield Bar,"29 августа, Вторник"
Кино и музыка [новички] ,#139,62516,Резиденция,"29 августа, Вторник"
[Back to school] ,#1,62330,Chesterfield Bar,"28 августа, Понедельник"
"Квиз, плиз! ",#872,62515,Резиденция,"28 августа, Понедельник"
"Квиз, плиз! ",#871,62213,Chesterfield Bar,"27 августа, Воскресенье"
Кино и музыка [стрим] ,#86,62557,"Везде, где есть интернет","27 августа, Воскресенье"
"Квиз, плиз!.jpeg ",#4,62198,Резиденция,"27 августа, Воскресенье"
[кино и музыка] ,#139,62212,Chesterfield Bar,"27 августа, Воскресенье"
[afterparty] ,#3,62032,Резиденция,"26 августа, Суббота"
"Квиз, плиз! ",#871,62211,Chesterfield Bar,"26 августа, Суббота"
"Квиз, плиз! [стрим] ",#361,62556,"Везде, где есть интернет","26 августа, Суббота"
[путешествия] ,#6,62201,Bla Bla Bar,"26 августа, Суббота"
"Квиз, плиз! ",#870,62197,Резиденция,"26 августа, Суббота"
[новички] ,#870,62210,Chesterfield Bar,"26 августа, Суббота"
[кино и музыка] ,#139,62205,CLUB LIBERTY BAR,"25 августа, Пятница"
"Квиз, плиз! ",#871,62209,Chesterfield Bar,"25 августа, Пятница"
"Квиз, плиз! ",#871,62196,Резиденция,"25 августа, Пятница"
"Квиз, плиз! [стрим] ",#360,62555,"Везде, где есть интернет","25 августа, Пятница"
"Квиз, плиз! ",#870,62202,Papa' S Bar & Grill,"25 августа, Пятница"
[про кино] 2000-х ,#2,62195,Резиденция,"24 августа, Четверг"
[сериалы] ,#7,62200,Bla Bla Bar,"24 августа, Четверг"
"Квиз, плиз! ",#869,62203,"Дорогая, я перезвоню","24 августа, Четверг"
"Квиз, плиз! ",#870,62208,Chesterfield Bar,"24 августа, Четверг"
"Квиз, плиз! ",#870,62204,CLUB LIBERTY BAR,"24 августа, Четверг"
[новички] ,#869,62194,Резиденция,"23 августа, Среда"
"Квиз, плиз! ",#869,62207,Chesterfield Bar,"23 августа, Среда"
"Квиз, плиз!.jpeg ",#4,62199,Old School Pub,"23 августа, Среда"
[кино и музыка] ,#139,62193,Резиденция,"22 августа, Вторник"
"Квиз, плиз! ",#869,62206,Chesterfield Bar,"22 августа, Вторник"
[про кино] 2000-х ,#2,61683,Chesterfield Bar,"21 августа, Понедельник"
"Квиз, плиз! ",#869,62192,Резиденция,"21 августа, Понедельник"
Music party [стрим] 90-х ,#2,62216,"Везде, где есть интернет","20 августа, Воскресенье"
"Квиз, плиз! ",#868,61680,Chesterfield Bar,"20 августа, Воскресенье"
"Квиз, плиз!.jpeg ",#4,61667,Резиденция,"20 августа, Воскресенье"
[кино и музыка] ,#139,61682,Chesterfield Bar,"20 августа, Воскресенье"
"Квиз, плиз! ",#868,61679,Chesterfield Bar,"19 августа, Суббота"
"Квиз, плиз! [стрим] ",#359,62215,"Везде, где есть интернет","19 августа, Суббота"
[путешествия] ,#6,61858,"Дорогая, я перезвоню","19 августа, Суббота"
"Квиз, плиз! ",#867,61666,Резиденция,"19 августа, Суббота"
[новички] ,#867,61681,Chesterfield Bar,"19 августа, Суббота"
[кино и музыка] ,#139,61665,Резиденция,"18 августа, Пятница"
"Квиз, плиз! ",#868,61678,Chesterfield Bar,"18 августа, Пятница"
"Квиз, плиз! ",#868,61672,CLUB LIBERTY BAR,"18 августа, Пятница"
"Квиз, плиз! [стрим] ",#358,62214,"Везде, где есть интернет","18 августа, Пятница"
"Квиз, плиз!.jpeg ",#4,61673,Известия Hall,"18 августа, Пятница"
"Квиз, плиз! ",#867,61674,Papa' S Bar & Grill,"18 августа, Пятница"
[кино и музыка] ,#139,61664,Резиденция,"17 августа, Четверг"
[путешествия] ,#6,61669,MT Music Bar,"17 августа, Четверг"
"Квиз, плиз! ",#866,61856,"Дорогая, я перезвоню","17 августа, Четверг"
"Квиз, плиз! ",#867,61677,Chesterfield Bar,"17 августа, Четверг"
"Квиз, плиз! ",#867,61671,CLUB LIBERTY BAR,"17 августа, Четверг"
[новички] ,#866,61663,Резиденция,"16 августа, Среда"
[сериалы] ,#7,61670,Old School Pub,"16 августа, Среда"
"Квиз, плиз! ",#866,61676,Chesterfield Bar,"16 августа, Среда"
"Квиз, плиз! ",#866,61675,Chesterfield Bar,"15 августа, Вторник"
Кино и музыка [новички] ,#138,61662,Резиденция,"15 августа, Вторник"
"Квиз, плиз! ",#866,61658,Резиденция,"14 августа, Понедельник"
"Квиз, плиз!.jpeg ",#4,61613,Chesterfield Bar,"14 августа, Понедельник"
"Квиз, плиз! ",#865,61487,Chesterfield Bar,"13 августа, Воскресенье"
Кино и музыка [стрим] ,#85,61661,"Везде, где есть интернет","13 августа, Воскресенье"
[18+] ,#7,61472,Резиденция,"13 августа, Воскресенье"
[кино и музыка] ,#138,61486,Chesterfield Bar,"13 августа, Воскресенье"
"Квиз, плиз! ",#865,61485,Chesterfield Bar,"12 августа, Суббота"
"Квиз, плиз! [стрим] ",#357,61660,"Везде, где есть интернет","12 августа, Суббота"
[сериалы] ,#7,61476,"Дорогая, я перезвоню","12 августа, Суббота"
"Квиз, плиз! ",#864,61471,Резиденция,"12 августа, Суббота"
[новички] ,#864,61484,Chesterfield Bar,"12 августа, Суббота"
[music party] ,#8,61479,CLUB LIBERTY BAR,"11 августа, Пятница"
"Квиз, плиз! ",#865,61483,Chesterfield Bar,"11 августа, Пятница"
"Квиз, плиз! ",#865,61470,Резиденция,"11 августа, Пятница"
"Квиз, плиз! [стрим] ",#356,61659,"Везде, где есть интернет","11 августа, Пятница"
"Квиз, плиз! ",#864,61477,Papa' S Bar & Grill,"11 августа, Пятница"
[кино и музыка] ,#138,61469,Резиденция,"10 августа, Четверг"
[сериалы] ,#7,61474,MT Music Bar,"10 августа, Четверг"
"Квиз, плиз! ",#863,61478,CLUB LIBERTY BAR,"10 августа, Четверг"
"Квиз, плиз! ",#864,61475,"Дорогая, я перезвоню","10 августа, Четверг"
"Квиз, плиз! ",#864,61482,Chesterfield Bar,"10 августа, Четверг"
[18+] ,#7,61473,Old School Pub,"9 августа, Среда"
[новички] ,#863,61468,Резиденция,"9 августа, Среда"
"Квиз, плиз! ",#863,61481,Chesterfield Bar,"9 августа, Среда"
[кино и музыка] ,#138,61467,Резиденция,"8 августа, Вторник"
"Квиз, плиз! ",#863,61480,Chesterfield Bar,"8 августа, Вторник"
[сериалы] ,#7,61286,Chesterfield Bar,"7 августа, Понедельник"
"Квиз, плиз! ",#863,61466,Резиденция,"7 августа, Понедельник"
Дисней [стрим] ,#1,61539,"Везде, где есть интернет","6 августа, Воскресенье"
"Квиз, плиз! ",#862,61077,Chesterfield Bar,"6 августа, Воскресенье"
[назад в 2000-е] ,#4,61030,Резиденция,"6 августа, Воскресенье"
[кино и музыка] ,#138,61076,Chesterfield Bar,"6 августа, Воскресенье"
"Квиз, плиз! ",#862,61075,Chesterfield Bar,"5 августа, Суббота"
"Квиз, плиз! [стрим] ",#355,61465,"Везде, где есть интернет","5 августа, Суббота"
"Квиз, плиз! ",#861,61079,"Дорогая, я перезвоню","5 августа, Суббота"
"Квиз, плиз! [зумеры vs бумеры] ",#2,61029,Резиденция,"5 августа, Суббота"
[18+] ,#7,61074,Chesterfield Bar,"5 августа, Суббота"
[кино и музыка] ,#138,61082,CLUB LIBERTY BAR,"4 августа, Пятница"
"Квиз, плиз! ",#861,61028,Резиденция,"4 августа, Пятница"
"Квиз, плиз! ",#862,61073,Chesterfield Bar,"4 августа, Пятница"
"Квиз, плиз! [стрим] ",#354,61464,"Везде, где есть интернет","4 августа, Пятница"
"Квиз, плиз! ",#861,61081,Papa' S Bar & Grill,"4 августа, Пятница"
[18+] ,#7,61084,MT Music Bar,"3 августа, Четверг"
[кино и музыка] ,#138,61026,Резиденция,"3 августа, Четверг"
[про историю] ,#3,61080,"Дорогая, я перезвоню","3 августа, Четверг"
"Квиз, плиз! ",#861,61072,Chesterfield Bar,"3 августа, Четверг"
"Квиз, плиз! ",#861,61083,CLUB LIBERTY BAR,"3 августа, Четверг"
"Квиз, плиз! ",#860,61071,Chesterfield Bar,"2 августа, Среда"
"Квиз, плиз! [зумеры vs бумеры] ",#2,61078,Old School Pub,"2 августа, Среда"
Кино и музыка [новички] ,#137,61025,Резиденция,"2 августа, Среда"
[новички] ,#860,61023,Резиденция,"1 августа, Вторник"
"Квиз, плиз! ",#860,61022,Chesterfield Bar,"1 августа, Вторник"
[про историю] ,#3,60842,Резиденция,"31 июля, Понедельник"
"Квиз, плиз! ",#860,61017,Chesterfield Bar,"31 июля, Понедельник"
"Квиз, плиз! ",#859,60694,Chesterfield Bar,"30 июля, Воскресенье"
Кино и музыка [стрим] ,#84,61021,"Везде, где есть интернет","30 июля, Воскресенье"
[назад в 2000-е] ,#4,60677,Резиденция,"30 июля, Воскресенье"
"Квиз, плиз! [зумеры vs бумеры] ",#2,60693,Chesterfield Bar,"30 июля, Воскресенье"
"Квиз, плиз! ",#859,60692,Chesterfield Bar,"29 июля, Суббота"
"Квиз, плиз! [стрим] ",#353,61020,"Везде, где есть интернет","29 июля, Суббота"
[18+] ,#7,60681,"Дорогая, я перезвоню","29 июля, Суббота"
"Квиз, плиз! ",#858,60676,Резиденция,"29 июля, Суббота"
[новички] ,#858,60691,Chesterfield Bar,"29 июля, Суббота"
[кино и музыка] ,#137,60683,CLUB LIBERTY BAR,"28 июля, Пятница"
"Квиз, плиз! ",#859,60690,Chesterfield Bar,"28 июля, Пятница"
"Квиз, плиз! ",#859,60675,Резиденция,"28 июля, Пятница"
"Квиз, плиз! [зумеры vs бумеры] ",#2,60686,Известия Hall,"28 июля, Пятница"
"Квиз, плиз! [стрим] ",#352,61018,"Везде, где есть интернет","28 июля, Пятница"
"Квиз, плиз! ",#858,60684,Papa' S Bar & Grill,"28 июля, Пятница"
[music party] ,#8,60682,CLUB LIBERTY BAR,"27 июля, Четверг"
[кино и музыка] ,#137,60685,MT Music Bar,"27 июля, Четверг"
[назад в 2000-е] ,#4,60674,Резиденция,"27 июля, Четверг"
"Квиз, плиз! ",#857,60680,"Дорогая, я перезвоню","27 июля, Четверг"
"Квиз, плиз! ",#858,60689,Chesterfield Bar,"27 июля, Четверг"
[18+] ,#7,60679,Old School Pub,"26 июля, Среда"
"Квиз, плиз! ",#857,60673,Резиденция,"26 июля, Среда"
"Квиз, плиз! ",#858,60688,Chesterfield Bar,"26 июля, Среда"
[кино и музыка] ,#137,60672,Резиденция,"25 июля, Вторник"
"Квиз, плиз! ",#857,60687,Chesterfield Bar,"25 июля, Вторник"
[18+] ,#7,60538,Chesterfield Bar,"24 июля, Понедельник"
"Квиз, плиз! ",#857,60671,Резиденция,"24 июля, Понедельник"
300к1 [стрим] 18+ ,#2,60667,"Везде, где есть интернет","23 июля, Воскресенье"
"Квиз, плиз! ",#856,60320,Chesterfield Bar,"23 июля, Воскресенье"
[music party] ,#8,60318,Резиденция,"23 июля, Воскресенье"
[кино и музыка] ,#137,60321,Chesterfield Bar,"23 июля, Воскресенье"
"Квиз, плиз! ",#856,60315,Chesterfield Bar,"22 июля, Суббота"
"Квиз, плиз! [стрим] ",#351,60670,"Везде, где есть интернет","22 июля, Суббота"
"Квиз, плиз! ",#855,60317,Резиденция,"22 июля, Суббота"
"Квиз, плиз! ",#856,60319,"Дорогая, я перезвоню","22 июля, Суббота"
[назад в 2000-е] ,#4,60316,Chesterfield Bar,"22 июля, Суббота"
[новички] ,#855,60314,Резиденция,"21 июля, Пятница"
[про футбол] ,#4,60366,CLUB LIBERTY BAR,"21 июля, Пятница"
"Квиз, плиз! ",#856,60313,Chesterfield Bar,"21 июля, Пятница"
"Квиз, плиз! [стрим] ",#350,60668,"Везде, где есть интернет","21 июля, Пятница"
"Квиз, плиз! ",#855,60312,Papa' S Bar & Grill,"21 июля, Пятница"
[music party] ,#8,60292,CLUB LIBERTY BAR,"20 июля, Четверг"
[кино и музыка] ,#137,60290,Известия Hall,"20 июля, Четверг"
[назад в СССР] ,#6,60293,Резиденция,"20 июля, Четверг"
"Квиз, плиз! ",#855,60291,"Дорогая, я перезвоню","20 июля, Четверг"
"Квиз, плиз! ",#855,60289,Chesterfield Bar,"20 июля, Четверг"
[про футбол] ,#4,60288,Old School Pub,"19 июля, Среда"
"Квиз, плиз! ",#854,60286,Chesterfield Bar,"19 июля, Среда"
Кино и музыка [новички] ,#136,60287,Резиденция,"19 июля, Среда"
"Квиз, плиз! ",#854,60284,Резиденция,"18 июля, Вторник"
[МСК vs СПБ] ,#4,60285,Chesterfield Bar,"18 июля, Вторник"
[назад в 2000-е] ,#4,60206,Chesterfield Bar,"17 июля, Понедельник"
"Квиз, плиз! ",#854,60283,Резиденция,"17 июля, Понедельник"
"Квиз, плиз! ",#853,59972,Chesterfield Bar,"16 июля, Воскресенье"
Кино и музыка [стрим] ,#83,60246,"Везде, где есть интернет","16 июля, Воскресенье"
"Квиз, плиз! ",#852,59971,Резиденция,"16 июля, Воскресенье"
[music party] ,#8,59973,Chesterfield Bar,"16 июля, Воскресенье"
"Квиз, плиз! ",#853,59954,Chesterfield Bar,"15 июля, Суббота"
"Квиз, плиз! [стрим] ",#349,60242,"Везде, где есть интернет","15 июля, Суббота"
[300к1] ,#6,59953,"Дорогая, я перезвоню","15 июля, Суббота"
[кино и музыка] ,#136,59952,Резиденция,"15 июля, Суббота"
[новички] ,#852,59951,Chesterfield Bar,"15 июля, Суббота"
[шазам] 90-е ,#2,59950,CLUB LIBERTY BAR,"14 июля, Пятница"
"Квиз, плиз! ",#853,59948,Chesterfield Bar,"14 июля, Пятница"
"Квиз, плиз! ",#853,59949,Резиденция,"14 июля, Пятница"
"Квиз, плиз! [стрим] ",#348,60241,"Везде, где есть интернет","14 июля, Пятница"
"Квиз, плиз! ",#852,59947,Papa' S Bar & Grill,"14 июля, Пятница"
[кино и музыка] ,#136,59945,"Дорогая, я перезвоню","13 июля, Четверг"
[назад в СССР] ,#6,59946,CLUB LIBERTY BAR,"13 июля, Четверг"
[про футбол] ,#4,59919,Известия Hall,"13 июля, Четверг"
"Квиз, плиз! ",#852,59943,Chesterfield Bar,"13 июля, Четверг"
"Квиз, плиз! ",#852,59944,Резиденция,"13 июля, Четверг"
[music party] ,#8,59934,Old School Pub,"12 июля, Среда"
[новички] ,#851,59939,Резиденция,"12 июля, Среда"
"Квиз, плиз! ",#851,59938,Chesterfield Bar,"12 июля, Среда"
[кино и музыка] ,#136,59937,Резиденция,"11 июля, Вторник"
"Квиз, плиз! ",#851,59936,Chesterfield Bar,"11 июля, Вторник"
[music party] ,#8,59861,Chesterfield Bar,"10 июля, Понедельник"
"Квиз, плиз! ",#851,59935,Резиденция,"10 июля, Понедельник"
"Квиз, плиз! ",#850,59665,Chesterfield Bar,"9 июля, Воскресенье"
Шазам: Рашн эдишн [стрим] ,#3,59940,"Везде, где есть интернет","9 июля, Воскресенье"
[литература] ,#4,59648,Резиденция,"9 июля, Воскресенье"
[кино и музыка] ,#136,59664,Chesterfield Bar,"9 июля, Воскресенье"
"Квиз, плиз! ",#850,59663,Chesterfield Bar,"8 июля, Суббота"
"Квиз, плиз! [стрим] ",#347,59942,"Везде, где есть интернет","8 июля, Суббота"
"Квиз, плиз! ",#849,59647,Резиденция,"8 июля, Суббота"
[назад в СССР] ,#6,59662,Chesterfield Bar,"8 июля, Суббота"
[шазам] 90-е ,#2,59656,CLUB LIBERTY BAR,"7 июля, Пятница"
"Квиз, плиз! ",#850,59661,Chesterfield Bar,"7 июля, Пятница"
"Квиз, плиз! ",#850,59646,Резиденция,"7 июля, Пятница"
"Квиз, плиз! [стрим] ",#346,59941,"Везде, где есть интернет","7 июля, Пятница"
"Квиз, плиз! ",#849,59760,Papa' S Bar & Grill,"7 июля, Пятница"
[300к1] ,#6,59655,CLUB LIBERTY BAR,"6 июля, Четверг"
[music party] Фабрика звёзд ,#1,59820,Bla Bla Bar,"6 июля, Четверг"
[кино и музыка] ,#136,59645,Резиденция,"6 июля, Четверг"
"Квиз, плиз! ",#849,59650,"Дорогая, я перезвоню","6 июля, Четверг"
"Квиз, плиз! ",#849,59660,Chesterfield Bar,"6 июля, Четверг"
[OVER 1000] ,#6,59460,Резиденция,"5 июля, Среда"
"Квиз, плиз! ",#848,59659,Chesterfield Bar,"5 июля, Среда"
Кино и музыка [новички] ,#135,59657,Old School Pub,"5 июля, Среда"
[новички] ,#848,59644,Резиденция,"4 июля, Вторник"
"Квиз, плиз! ",#848,59658,Chesterfield Bar,"4 июля, Вторник"
[назад в СССР] ,#6,59459,Chesterfield Bar,"3 июля, Понедельник"
"Квиз, плиз! ",#848,59643,Резиденция,"3 июля, Понедельник"
"Квиз, плиз! ",#847,59274,Chesterfield Bar,"2 июля, Воскресенье"
Кино и музыка [стрим] ,#82,59653,"Везде, где есть интернет","2 июля, Воскресенье"
"Квиз, плиз!.jpeg ",#3,59273,Резиденция,"2 июля, Воскресенье"
[шазам] 90-е ,#2,59275,Chesterfield Bar,"2 июля, Воскресенье"
"Квиз, плиз! ",#847,59276,Chesterfield Bar,"1 июля, Суббота"
"Квиз, плиз! [стрим] ",#345,59652,"Везде, где есть интернет","1 июля, Суббота"
[литература] ,#4,59280,"Дорогая, я перезвоню","1 июля, Суббота"
"Квиз, плиз! ",#846,59279,Резиденция,"1 июля, Суббота"
[кино и музыка] ,#135,59277,Chesterfield Bar,"1 июля, Суббота"
"Квиз, плиз! ",#846,59270,Резиденция,"30 июня, Пятница"
"Квиз, плиз! ",#847,59269,Chesterfield Bar,"30 июня, Пятница"
"Квиз, плиз! ",#847,59271,CLUB LIBERTY BAR,"30 июня, Пятница"
"Квиз, плиз! [стрим] ",#344,59651,"Везде, где есть интернет","30 июня, Пятница"
[литература] ,#4,59143,Резиденция,"29 июня, Четверг"
[Телеигры] ,#2,59284,MT Music Bar,"29 июня, Четверг"
[шазам] 90-е ,#2,59282,CLUB LIBERTY BAR,"29 июня, Четверг"
"Квиз, плиз! ",#846,59281,"Дорогая, я перезвоню","29 июня, Четверг"
"Квиз, плиз! ",#846,59278,Chesterfield Bar,"29 июня, Четверг"
[300к1] ,#6,59268,Old School Pub,"28 июня, Среда"
[новички] ,#845,59267,Резиденция,"28 июня, Среда"
"Квиз, плиз! ",#845,59266,Chesterfield Bar,"28 июня, Среда"
[кино и музыка] ,#135,59250,Резиденция,"27 июня, Вторник"
"Квиз, плиз! ",#845,59251,Chesterfield Bar,"27 июня, Вторник"
[шазам] 90-е ,#2,59142,Chesterfield Bar,"26 июня, Понедельник"
"Квиз, плиз! ",#845,59249,Резиденция,"26 июня, Понедельник"
"Квиз, плиз! ",#844,58875,Chesterfield Bar,"25 июня, Воскресенье"
Сериалы [стрим] ,#5,59381,"Везде, где есть интернет","25 июня, Воскресенье"
[music party] Фабрика звёзд ,#1,58876,Профсоюз,"25 июня, Воскресенье"
[про кино] Гарри Поттер ,#2,58913,Резиденция,"25 июня, Воскресенье"
[кино и музыка] ,#135,58874,Chesterfield Bar,"25 июня, Воскресенье"
"Квиз, плиз! ",#844,58871,Chesterfield Bar,"24 июня, Суббота"
"Квиз, плиз! [стрим] ",#343,59380,"Везде, где есть интернет","24 июня, Суббота"
[300к1] ,#6,58872,"Дорогая, я перезвоню","24 июня, Суббота"
"Квиз, плиз! ",#843,58873,Резиденция,"24 июня, Суббота"
[новички] ,#843,58870,Chesterfield Bar,"24 июня, Суббота"
[Телеигры] ,#2,58868,Резиденция,"23 июня, Пятница"
"Квиз, плиз! ",#843,58869,CLUB LIBERTY BAR,"23 июня, Пятница"
"Квиз, плиз! ",#844,58867,Chesterfield Bar,"23 июня, Пятница"
"Квиз, плиз! [стрим] ",#342,59379,"Везде, где есть интернет","23 июня, Пятница"
[300к1] ,#6,58866,Известия Hall,"22 июня, Четверг"
[кино и музыка] ,#135,58863,Резиденция,"22 июня, Четверг"
[Король и Шут] ,#1,58865,CLUB LIBERTY BAR,"22 июня, Четверг"
"Квиз, плиз! ",#843,58862,Chesterfield Bar,"22 июня, Четверг"
"Квиз, плиз!.jpeg ",#3,58864,"Дорогая, я перезвоню","22 июня, Четверг"
"Квиз, плиз! ",#842,58859,Chesterfield Bar,"21 июня, Среда"
"Квиз, плиз! [турбо] ",#6,58860,Резиденция,"21 июня, Среда"
Кино и музыка [новички] ,#134,58861,Old School Pub,"21 июня, Среда"
[новички] ,#842,58857,Резиденция,"20 июня, Вторник"
"Квиз, плиз! ",#842,58858,Chesterfield Bar,"20 июня, Вторник"
[300к1] ,#6,58809,Chesterfield Bar,"19 июня, Понедельник"
"Квиз, плиз! ",#842,58856,Резиденция,"19 июня, Понедельник"
"Квиз, плиз! ",#841,58485,Chesterfield Bar,"18 июня, Воскресенье"
Кино и музыка [стрим] ,#81,58932,"Везде, где есть интернет","18 июня, Воскресенье"
[кино и музыка] ,#134,58498,Резиденция,"18 июня, Воскресенье"
[Телеигры] ,#2,58486,Chesterfield Bar,"18 июня, Воскресенье"
"Квиз, плиз! ",#841,58487,Chesterfield Bar,"17 июня, Суббота"
"Квиз, плиз! [стрим] ",#341,58933,"Везде, где есть интернет","17 июня, Суббота"
[про кино] Гарри Поттер ,#2,58515,"Дорогая, я перезвоню","17 июня, Суббота"
"Квиз, плиз! ",#840,58497,Резиденция,"17 июня, Суббота"
"Квиз, плиз! ",#841,59153,МИР,"17 июня, Суббота"
[music party] Фабрика звёзд ,#1,58488,Chesterfield Bar,"17 июня, Суббота"
[кино и музыка] ,#134,58496,Резиденция,"16 июня, Пятница"
"Квиз, плиз! ",#840,58513,CLUB LIBERTY BAR,"16 июня, Пятница"
"Квиз, плиз! [стрим] ",#340,58934,"Везде, где есть интернет","16 июня, Пятница"
"Квиз, плиз! [турбо] ",#6,58489,Chesterfield Bar,"16 июня, Пятница"
"Квиз, плиз! ",#841,59152,Papa' S Bar & Grill,"16 июня, Пятница"
[кино и музыка] ,#134,58516,MT Music Bar,"15 июня, Четверг"
[Телеигры] ,#2,58512,CLUB LIBERTY BAR,"15 июня, Четверг"
"Квиз, плиз! ",#839,58511,"Дорогая, я перезвоню","15 июня, Четверг"
"Квиз, плиз! ",#840,58490,Chesterfield Bar,"15 июня, Четверг"
"Квиз, плиз!.jpeg ",#3,58495,Резиденция,"15 июня, Четверг"
[music party] Фабрика звёзд ,#1,58510,Old School Pub,"14 июня, Среда"
[новички] ,#839,58494,Резиденция,"14 июня, Среда"
"Квиз, плиз! ",#840,58491,Chesterfield Bar,"14 июня, Среда"
[music party] Фабрика звёзд ,#1,58434,Chesterfield Bar,"13 июня, Вторник"
"Квиз, плиз! ",#839,58493,Резиденция,"13 июня, Вторник"
"Квиз, плиз! ",#839,58312,Chesterfield Bar,"12 июня, Понедельник"
Про историю [стрим] ,#1,58724,"Везде, где есть интернет","12 июня, Понедельник"
"Квиз, плиз! ",#838,58313,Резиденция,"12 июня, Понедельник"
[Телеигры] ,#2,58310,Chesterfield Bar,"12 июня, Понедельник"
"Квиз, плиз! ",#838,58121,Chesterfield Bar,"11 июня, Воскресенье"
"Квиз, плиз! [стрим] ",#339,58483,"Везде, где есть интернет","11 июня, Воскресенье"
[Король и Шут] ,#1,58112,Резиденция,"11 июня, Воскресенье"
Видеоигры [стрим] ,#3,58482,"Везде, где есть интернет","11 июня, Воскресенье"
[кино и музыка] ,#134,58120,Chesterfield Bar,"11 июня, Воскресенье"
[про кино] ,#3,58125,Bla Bla Bar,"11 июня, Воскресенье"
"Квиз, плиз! ",#838,58119,Chesterfield Bar,"10 июня, Суббота"
"Квиз, плиз! [стрим] ",#338,58481,"Везде, где есть интернет","10 июня, Суббота"
[рок] ,#2,58124,"Дорогая, я перезвоню","10 июня, Суббота"
"Квиз, плиз! ",#837,58110,Резиденция,"10 июня, Суббота"
Зумеры vs бумеры [стрим] ,#1,58499,"Везде, где есть интернет","10 июня, Суббота"
"Квиз, плиз!.jpeg ",#3,58118,Chesterfield Bar,"10 июня, Суббота"
[новички] ,#837,58109,Резиденция,"9 июня, Пятница"
[про кино] Гарри Поттер ,#2,58127,CLUB LIBERTY BAR,"9 июня, Пятница"
"Квиз, плиз! ",#837,58129,Известия Hall,"9 июня, Пятница"
"Квиз, плиз! ",#838,58117,Chesterfield Bar,"9 июня, Пятница"
"Квиз, плиз! [стрим] ",#337,58480,"Везде, где есть интернет","9 июня, Пятница"
[кино и музыка] ,#134,58108,Резиденция,"8 июня, Четверг"
[кино и музыка] рашн эдишн ,#4,58123,"Дорогая, я перезвоню","8 июня, Четверг"
"Квиз, плиз! ",#837,58116,Chesterfield Bar,"8 июня, Четверг"
"Квиз, плиз! ",#837,58126,CLUB LIBERTY BAR,"8 июня, Четверг"
"Квиз, плиз!.jpeg ",#3,58128,Известия Hall,"8 июня, Четверг"
[Король и Шут] ,#1,58050,Резиденция,"7 июня, Среда"
"Квиз, плиз! ",#836,58115,Chesterfield Bar,"7 июня, Среда"
Кино и музыка [новички] ,#133,58122,Old School Pub,"7 июня, Среда"
[новички] ,#836,58107,Резиденция,"6 июня, Вторник"
"Квиз, плиз! ",#836,58113,Chesterfield Bar,"6 июня, Вторник"
"Квиз, плиз! ",#836,58106,Резиденция,"5 июня, Понедельник"
"Квиз, плиз!.jpeg ",#3,57959,Chesterfield Bar,"5 июня, Понедельник"
"Квиз, плиз! ",#835,57800,Chesterfield Bar,"4 июня, Воскресенье"
Кино и музыка [стрим] ,#80,58092,"Везде, где есть интернет","4 июня, Воскресенье"
[про кино] ,#3,57801,Резиденция,"4 июня, Воскресенье"
[кино и музыка] ,#133,57799,Chesterfield Bar,"4 июня, Воскресенье"
"Квиз, плиз! ",#835,57827,Chesterfield Bar,"3 июня, Суббота"
"Квиз, плиз! [стрим] ",#336,58091,"Везде, где есть интернет","3 июня, Суббота"
[кино и музыка] рашн эдишн ,#4,57802,Резиденция,"3 июня, Суббота"
"Квиз, плиз! ",#835,57803,"Дорогая, я перезвоню","3 июня, Суббота"
[новички] ,#834,57765,Chesterfield Bar,"3 июня, Суббота"
[про кино] Гарри Поттер ,#2,57757,CLUB LIBERTY BAR,"2 июня, Пятница"
"Квиз, плиз! ",#834,57755,Резиденция,"2 июня, Пятница"
"Квиз, плиз! ",#835,57754,Chesterfield Bar,"2 июня, Пятница"
"Квиз, плиз! [стрим] ",#335,58090,"Везде, где есть интернет","2 июня, Пятница"
[кино и музыка] ,#133,57730,Резиденция,"1 июня, Четверг"
[про кино] ,#3,57731,"Дорогая, я перезвоню","1 июня, Четверг"
"Квиз, плиз! ",#833,57732,CLUB LIBERTY BAR,"1 июня, Четверг"
"Квиз, плиз! ",#834,57733,Известия Hall,"1 июня, Четверг"
ОТКРЫТИЕ ЛЕТНЕГО СЕЗОНА [финал] ,,57729,Chesterfield Bar,"1 июня, Четверг"
[новички] ,#833,57727,Резиденция,"31 мая, Среда"
[рок] ,#2,57728,Old School Pub,"31 мая, Среда"
"Квиз, плиз! ",#834,57726,Chesterfield Bar,"31 мая, Среда"
[кино и музыка] ,#133,57725,Резиденция,"30 мая, Вторник"
"Квиз, плиз! ",#833,57724,Chesterfield Bar,"30 мая, Вторник"
[про кино] ,#3,57651,Chesterfield Bar,"29 мая, Понедельник"
"Квиз, плиз! ",#833,57706,Резиденция,"29 мая, Понедельник"
[про кино] Гарри Поттер ,#2,57559,Chesterfield Bar,"28 мая, Воскресенье"
Кино и TV [стрим] 2000-е ,#1,57764,"Везде, где есть интернет","28 мая, Воскресенье"
"Квиз, плиз! ",#832,57554,Резиденция,"28 мая, Воскресенье"
[кино и музыка] ,#133,57553,Chesterfield Bar,"28 мая, Воскресенье"
[teens] ,#28,57550,Old School Pub,"28 мая, Воскресенье"
"Квиз, плиз! ",#832,57547,Chesterfield Bar,"27 мая, Суббота"
"Квиз, плиз! [стрим] ",#334,57763,"Везде, где есть интернет","27 мая, Суббота"
[кино и музыка] рашн эдишн ,#4,57544,"Дорогая, я перезвоню","27 мая, Суббота"
"Квиз, плиз! ",#831,57543,Резиденция,"27 мая, Суббота"
[новички] ,#830,57540,Old School Pub,"27 мая, Суббота"
[рок] ,#2,57538,Chesterfield Bar,"27 мая, Суббота"
[кино и музыка] ,#133,57367,CLUB LIBERTY BAR,"26 мая, Пятница"
"Квиз, плиз! ",#831,57366,Резиденция,"26 мая, Пятница"
"Квиз, плиз! ",#832,57365,Chesterfield Bar,"26 мая, Пятница"
"Квиз, плиз! [стрим] ",#333,57759,"Везде, где есть интернет","26 мая, Пятница"
[music party] 2000-х ,#2,57355,"Фудмолл ""Три вокзала.ДЕПО""","25 мая, Четверг"
[кино и музыка] ,#133,57354,Резиденция,"25 мая, Четверг"
[про кино] Гарри Поттер ,#2,57356,CLUB LIBERTY BAR,"25 мая, Четверг"
"Квиз, плиз! ",#830,57357,"Дорогая, я перезвоню","25 мая, Четверг"
"Квиз, плиз! ",#832,57353,Chesterfield Bar,"25 мая, Четверг"
[кино и музыка] рашн эдишн ,#4,57351,Old School Pub,"24 мая, Среда"
"Квиз, плиз! ",#830,57352,Bla Bla Bar,"24 мая, Среда"
ОТКРЫТИЕ ЛЕТНЕГО СЕЗОНА [полуфинал] ,#831,57349,Chesterfield Bar,"24 мая, Среда"
ОТКРЫТИЕ ЛЕТНЕГО СЕЗОНА [полуфинал] ,#831,57350,Резиденция,"24 мая, Среда"
"Квиз, плиз! ",#830,57346,Chesterfield Bar,"23 мая, Вторник"
Кино и музыка [новички] ,#132,57348,Резиденция,"23 мая, Вторник"
[рок] ,#2,57294,Chesterfield Bar,"22 мая, Понедельник"
"Квиз, плиз! ",#830,57345,Резиденция,"22 мая, Понедельник"
"Квиз, плиз! ",#829,57121,Chesterfield Bar,"21 мая, Воскресенье"
Кино и музыка [стрим] ,#79,57548,"Везде, где есть интернет","21 мая, Воскресенье"
[про кино] Гарри Поттер ,#2,57122,Резиденция,"21 мая, Воскресенье"
[кино и музыка] ,#132,57120,Chesterfield Bar,"21 мая, Воскресенье"
"Квиз, плиз! ",#829,57116,Chesterfield Bar,"20 мая, Суббота"
"Квиз, плиз! [стрим] ",#332,57561,"Везде, где есть интернет","20 мая, Суббота"
[music party] 2000-х ,#2,57118,Резиденция,"20 мая, Суббота"
"Квиз, плиз! ",#829,57119,"Дорогая, я перезвоню","20 мая, Суббота"
[кино и музыка] рашн эдишн ,#4,57115,Chesterfield Bar,"20 мая, Суббота"
[новички] ,#828,57117,Old School Pub,"20 мая, Суббота"
"Квиз, плиз! ",#828,57036,Резиденция,"19 мая, Пятница"
"Квиз, плиз! ",#829,57035,Chesterfield Bar,"19 мая, Пятница"
"Квиз, плиз! ",#829,57037,CLUB LIBERTY BAR,"19 мая, Пятница"
"Квиз, плиз! [стрим] ",#331,57542,"Везде, где есть интернет","19 мая, Пятница"
[music party] ,#7,56948,"Фудмолл ""Три вокзала.ДЕПО""","18 мая, Четверг"
[кино и музыка] ,#132,57002,Резиденция,"18 мая, Четверг"
[кино и музыка] СССР ,#3,56956,CLUB LIBERTY BAR,"18 мая, Четверг"
[про кино] Гарри Поттер ,#2,57008,Известия Hall,"18 мая, Четверг"
"Квиз, плиз! ",#828,57006,"Дорогая, я перезвоню","18 мая, Четверг"
"Квиз, плиз! ",#828,57001,Chesterfield Bar,"18 мая, Четверг"
[сериалы] ,#6,57114,"Дорогая, я перезвоню","17 мая, Среда"
"Квиз, плиз! ",#827,57113,Резиденция,"17 мая, Среда"
"Квиз, плиз! ",#828,57112,Chesterfield Bar,"17 мая, Среда"
[новички] ,#827,56955,Резиденция,"16 мая, Вторник"
"Квиз, плиз! ",#827,57111,Chesterfield Bar,"16 мая, Вторник"
[кино и музыка] рашн эдишн ,#4,56826,Chesterfield Bar,"15 мая, Понедельник"
"Квиз, плиз! ",#827,56954,Резиденция,"15 мая, Понедельник"
"Квиз, плиз! ",#826,56757,Chesterfield Bar,"14 мая, Воскресенье"
Мультики [стрим] ,#7,56957,"Везде, где есть интернет","14 мая, Воскресенье"
[music party] ,#7,56758,Резиденция,"14 мая, Воскресенье"
[кино и музыка] ,#132,56756,Chesterfield Bar,"14 мая, Воскресенье"
"Квиз, плиз! ",#826,56750,Chesterfield Bar,"13 мая, Суббота"
"Квиз, плиз! [стрим] ",#330,57126,"Везде, где есть интернет","13 мая, Суббота"
[сериалы] ,#6,56755,"Дорогая, я перезвоню","13 мая, Суббота"
"Квиз, плиз! ",#826,56754,Резиденция,"13 мая, Суббота"
[music party] 2000-х ,#2,56749,Chesterfield Bar,"13 мая, Суббота"
[новички] ,#825,56752,Old School Pub,"13 мая, Суббота"
[Телеигры] ,#1,56746,Резиденция,"12 мая, Пятница"
"Квиз, плиз! ",#825,56748,Известия Hall,"12 мая, Пятница"
"Квиз, плиз! ",#825,56747,CLUB LIBERTY BAR,"12 мая, Пятница"
"Квиз, плиз! ",#826,56745,Chesterfield Bar,"12 мая, Пятница"
"Квиз, плиз! [стрим] ",#329,57125,"Везде, где есть интернет","12 мая, Пятница"
[300к1] 18+ ,#2,56741,CLUB LIBERTY BAR,"11 мая, Четверг"
[music party] 2000-х ,#2,56744,Bla Bla Bar,"11 мая, Четверг"
[видеоигры] ,#5,56742,"Дорогая, я перезвоню","11 мая, Четверг"
[кино и музыка] ,#132,56740,Резиденция,"11 мая, Четверг"
"Квиз, плиз! ",#824,56743,Известия Hall,"11 мая, Четверг"
"Квиз, плиз! ",#825,56739,Chesterfield Bar,"11 мая, Четверг"
[music party] ,#7,56738,Old School Pub,"10 мая, Среда"
"Квиз, плиз! ",#824,56736,Chesterfield Bar,"10 мая, Среда"
Кино и музыка [новички] ,#131,56737,Резиденция,"10 мая, Среда"
"Квиз, плиз! ",#824,56352,Chesterfield Bar,"9 мая, Вторник"
"Квиз, плиз!.jpeg [стрим] ",#1,56765,"Везде, где есть интернет","9 мая, Вторник"
[кино и музыка] СССР ,#3,56354,Резиденция,"9 мая, Вторник"
[Дисней] ,#1,56350,Chesterfield Bar,"9 мая, Вторник"
"Квиз, плиз! ",#824,56343,Chesterfield Bar,"8 мая, Понедельник"
Назад в 2010-е [стрим] ,#1,56764,"Везде, где есть интернет","8 мая, Понедельник"
[Офис] ,#1,56349,"Дорогая, я перезвоню","8 мая, Понедельник"
"Квиз, плиз! ",#823,56346,Резиденция,"8 мая, Понедельник"
[music party] 2000-х ,#2,56340,Chesterfield Bar,"8 мая, Понедельник"
"Квиз, плиз! ",#823,56339,Chesterfield Bar,"7 мая, Воскресенье"
Кино и музыка [стрим] ,#78,56762,"Везде, где есть интернет","7 мая, Воскресенье"
[кино и музыка] СССР ,#3,56334,Профсоюз,"7 мая, Воскресенье"
[Телеигры] ,#1,56336,Резиденция,"7 мая, Воскресенье"
[Дисней] ,#1,56331,Chesterfield Bar,"7 мая, Воскресенье"
"Квиз, плиз! ",#823,56329,Chesterfield Bar,"6 мая, Суббота"
"Квиз, плиз! [стрим] ",#328,56761,"Везде, где есть интернет","6 мая, Суббота"
[кино и музыка] ,#131,56322,Резиденция,"6 мая, Суббота"
[сериалы] ,#6,56326,"Дорогая, я перезвоню","6 мая, Суббота"
[music party] ,#7,56313,Chesterfield Bar,"6 мая, Суббота"
[новички] ,#822,56317,Old School Pub,"6 мая, Суббота"
[300к1] 18+ ,#2,56302,CLUB LIBERTY BAR,"5 мая, Пятница"
"Квиз, плиз! ",#822,56312,Известия Hall,"5 мая, Пятница"
"Квиз, плиз! ",#823,56297,Chesterfield Bar,"5 мая, Пятница"
"Квиз, плиз! ",#823,56299,Резиденция,"5 мая, Пятница"
"Квиз, плиз! [стрим] ",#327,56760,"Везде, где есть интернет","5 мая, Пятница"
[music party] ,#7,56308,Профсоюз,"4 мая, Четверг"
[кино и музыка] ,#131,56296,Известия Hall,"4 мая, Четверг"
[Офис] ,#1,55952,Резиденция,"4 мая, Четверг"
"Квиз, плиз! ",#821,56295,"Дорогая, я перезвоню","4 мая, Четверг"
"Квиз, плиз! ",#822,56293,Chesterfield Bar,"4 мая, Четверг"
"Квиз, плиз! ",#822,56294,CLUB LIBERTY BAR,"4 мая, Четверг"
[новички] ,#821,56291,Резиденция,"3 мая, Среда"
[Телеигры] ,#1,56292,Old School Pub,"3 мая, Среда"
"Квиз, плиз! ",#822,56290,Chesterfield Bar,"3 мая, Среда"
[Дисней] ,#1,56103,Chesterfield Bar,"2 мая, Вторник"
"Квиз, плиз! ",#821,56289,Резиденция,"2 мая, Вторник"
"Квиз, плиз! ",#821,55947,Chesterfield Bar,"1 мая, Понедельник"
"Квиз, плиз! [стрим] ",#326,56366,"Везде, где есть интернет","1 мая, Понедельник"
"Квиз, плиз! ",#820,55948,Резиденция,"1 мая, Понедельник"
Назад в 90-е [стрим] ,#4,56365,"Везде, где есть интернет","1 мая, Понедельник"
[кино и музыка] СССР ,#3,55946,Chesterfield Bar,"1 мая, Понедельник"
300к1 [стрим] ,#3,56364,"Везде, где есть интернет","30 апреля, Воскресенье"
"Квиз, плиз! ",#821,55943,Chesterfield Bar,"30 апреля, Воскресенье"
[300к1] 18+ ,#2,55945,Papa' S Bar & Grill,"30 апреля, Воскресенье"
"Квиз, плиз! ",#820,55944,Резиденция,"30 апреля, Воскресенье"
[кино и музыка] ,#131,55942,Chesterfield Bar,"30 апреля, Воскресенье"
"Квиз, плиз! ",#820,55939,Chesterfield Bar,"29 апреля, Суббота"
"Квиз, плиз! [стрим] ",#325,56363,"Везде, где есть интернет","29 апреля, Суббота"
[music party] 90-х ,#2,55941,"Дорогая, я перезвоню","29 апреля, Суббота"
"Квиз, плиз! ",#819,55940,Резиденция,"29 апреля, Суббота"
[music party] ,#7,55938,Chesterfield Bar,"29 апреля, Суббота"
"Квиз, плиз! ",#819,55936,Резиденция,"28 апреля, Пятница"
"Квиз, плиз! ",#819,55937,CLUB LIBERTY BAR,"28 апреля, Пятница"
"Квиз, плиз! ",#820,55935,Chesterfield Bar,"28 апреля, Пятница"
"Квиз, плиз! [стрим] ",#324,56362,"Везде, где есть интернет","28 апреля, Пятница"
[кино и музыка] ,#131,55930,Резиденция,"27 апреля, Четверг"
[сериалы] ,#6,55671,Известия Hall,"27 апреля, Четверг"
[Телеигры] ,#1,55931,"Дорогая, я перезвоню","27 апреля, Четверг"
"Квиз, плиз! ",#818,55932,CLUB LIBERTY BAR,"27 апреля, Четверг"
"Квиз, плиз! ",#819,55929,Chesterfield Bar,"27 апреля, Четверг"
музыка [шазам] рашн эдишн ,#4,55934,Bla Bla Bar,"27 апреля, Четверг"
[300к1] 18+ ,#2,55928,Old School Pub,"26 апреля, Среда"
"Квиз, плиз! ",#818,55926,Chesterfield Bar,"26 апреля, Среда"
Кино и музыка [новички] ,#130,55927,Резиденция,"26 апреля, Среда"
[новички] ,#818,55925,Резиденция,"25 апреля, Вторник"
"Квиз, плиз! ",#818,55923,Chesterfield Bar,"25 апреля, Вторник"
[music party] ,#7,55670,Chesterfield Bar,"24 апреля, Понедельник"
"Квиз, плиз! ",#818,55922,Резиденция,"24 апреля, Понедельник"
"Квиз, плиз! ",#817,55583,Резиденция,"23 апреля, Воскресенье"
Кино и музыка [стрим] ,#77,55951,"Везде, где есть интернет","23 апреля, Воскресенье"
[кино и музыка] ,#130,55584,Lookin Rooms,"23 апреля, Воскресенье"
[300к1] 18+ ,#2,55582,Резиденция,"23 апреля, Воскресенье"
[teens] ,#27,55581,Old School Pub,"23 апреля, Воскресенье"
"Квиз, плиз! ",#817,55579,Chesterfield Bar,"22 апреля, Суббота"
"Квиз, плиз! [стрим] ",#323,55950,"Везде, где есть интернет","22 апреля, Суббота"
[music party] 90-х ,#2,55580,"Дорогая, я перезвоню","22 апреля, Суббота"
"Квиз, плиз! ",#817,55577,Резиденция,"22 апреля, Суббота"
[Телеигры] ,#1,55578,Chesterfield Bar,"22 апреля, Суббота"
[новички] ,#816,55576,Резиденция,"22 апреля, Суббота"
"Квиз, плиз! ",#816,55570,Резиденция,"21 апреля, Пятница"
"Квиз, плиз! ",#816,55574,CLUB LIBERTY BAR,"21 апреля, Пятница"
"Квиз, плиз! ",#817,55569,Chesterfield Bar,"21 апреля, Пятница"
"Квиз, плиз! [стрим] ",#322,55949,"Везде, где есть интернет","21 апреля, Пятница"
[видеоигры] ,#5,55566,"Дорогая, я перезвоню","20 апреля, Четверг"
[кино и музыка] ,#130,55565,Резиденция,"20 апреля, Четверг"
"Квиз, плиз! ",#816,55564,Chesterfield Bar,"20 апреля, Четверг"
"Квиз, плиз! ",#816,55567,CLUB LIBERTY BAR,"20 апреля, Четверг"
музыка [шазам] рашн эдишн ,#4,55568,Bla Bla Bar,"20 апреля, Четверг"
[music party] 90-х ,#2,55563,Old School Pub,"19 апреля, Среда"
[новички] ,#815,55562,Резиденция,"19 апреля, Среда"
"Квиз, плиз! ",#815,55561,Chesterfield Bar,"19 апреля, Среда"
[кино и музыка] ,#130,55560,Резиденция,"18 апреля, Вторник"
"Квиз, плиз! ",#815,55559,Chesterfield Bar,"18 апреля, Вторник"
[300к1] 18+ ,#2,55307,Chesterfield Bar,"17 апреля, Понедельник"
"Квиз, плиз! ",#815,55558,Резиденция,"17 апреля, Понедельник"
Music party [стрим] ,#5,55587,"Везде, где есть интернет","16 апреля, Воскресенье"
"Квиз, плиз! ",#814,55157,Chesterfield Bar,"16 апреля, Воскресенье"
[видеоигры] ,#5,55158,Резиденция,"16 апреля, Воскресенье"
[кино и музыка] ,#130,55156,Chesterfield Bar,"16 апреля, Воскресенье"
"Квиз, плиз! ",#814,55153,Chesterfield Bar,"15 апреля, Суббота"
"Квиз, плиз! [стрим] ",#321,55586,"Везде, где есть интернет","15 апреля, Суббота"
"Квиз, плиз! ",#813,55154,Резиденция,"15 апреля, Суббота"
музыка [шазам] рашн эдишн ,#4,55155,"Дорогая, я перезвоню","15 апреля, Суббота"
[Телеигры] ,#1,55152,Chesterfield Bar,"15 апреля, Суббота"
"Квиз, плиз! ",#813,55151,Известия Hall,"14 апреля, Пятница"
"Квиз, плиз! ",#813,55149,Резиденция,"14 апреля, Пятница"
"Квиз, плиз! ",#814,55148,Chesterfield Bar,"14 апреля, Пятница"
"Квиз, плиз! ",#814,55150,CLUB LIBERTY BAR,"14 апреля, Пятница"
"Квиз, плиз! [стрим] ",#320,55585,"Везде, где есть интернет","14 апреля, Пятница"
[music party] 90-х ,#2,55146,CLUB LIBERTY BAR,"13 апреля, Четверг"
[видеоигры] ,#5,55145,МИР,"13 апреля, Четверг"
[Звездные войны] ,#2,55147,Bla Bla Bar,"13 апреля, Четверг"
[кино и музыка] ,#130,55143,Резиденция,"13 апреля, Четверг"
"Квиз, плиз! ",#813,55142,Chesterfield Bar,"13 апреля, Четверг"
"Квиз, плиз! [WTF] ",#3,55144,"Дорогая, я перезвоню","13 апреля, Четверг"
[MARVEL] ,#3,55141,Old School Pub,"12 апреля, Среда"
"Квиз, плиз! ",#812,55138,Chesterfield Bar,"12 апреля, Среда"
Кино и музыка [новички] ,#129,55139,Резиденция,"12 апреля, Среда"
[новички] ,#812,55137,Резиденция,"11 апреля, Вторник"
"Квиз, плиз! ",#812,55135,Chesterfield Bar,"11 апреля, Вторник"
[Телеигры] ,#1,54915,Chesterfield Bar,"10 апреля, Понедельник"
"Квиз, плиз! ",#812,55133,Резиденция,"10 апреля, Понедельник"
"Квиз, плиз! ",#811,54772,Chesterfield Bar,"9 апреля, Воскресенье"
Кино и музыка [стрим] ,#76,55163,"Везде, где есть интернет","9 апреля, Воскресенье"
музыка [шазам] рашн эдишн ,#4,54773,Резиденция,"9 апреля, Воскресенье"
[кино и музыка] ,#129,54771,Chesterfield Bar,"9 апреля, Воскресенье"
[afterparty] ,#2,54769,Резиденция,"8 апреля, Суббота"
"Квиз, плиз! ",#811,54767,Chesterfield Bar,"8 апреля, Суббота"
"Квиз, плиз! [стрим] ",#319,55161,"Везде, где есть интернет","8 апреля, Суббота"
[назад в 2010-е] ,#2,54770,"Дорогая, я перезвоню","8 апреля, Суббота"
"Квиз, плиз! ",#810,54768,Резиденция,"8 апреля, Суббота"
[MARVEL] ,#3,54766,Chesterfield Bar,"8 апреля, Суббота"
"Квиз, плиз! ",#810,54764,МИР,"7 апреля, Пятница"
"Квиз, плиз! ",#811,54762,Chesterfield Bar,"7 апреля, Пятница"
"Квиз, плиз! ",#811,54765,CLUB LIBERTY BAR,"7 апреля, Пятница"
"Квиз, плиз! [стрим] ",#318,55159,"Везде, где есть интернет","7 апреля, Пятница"
музыка [шазам] рашн эдишн ,#4,54763,Резиденция,"7 апреля, Пятница"
[MARVEL] ,#3,54753,Резиденция,"6 апреля, Четверг"
[music party] 90-х ,#2,54760,Известия Hall,"6 апреля, Четверг"
[кино и музыка] ,#129,54757,CLUB LIBERTY BAR,"6 апреля, Четверг"
"Квиз, плиз! ",#809,54755,"Дорогая, я перезвоню","6 апреля, Четверг"
"Квиз, плиз! ",#810,54752,Chesterfield Bar,"6 апреля, Четверг"
"Квиз, плиз! ",#810,54758,Bla Bla Bar,"6 апреля, Четверг"
[Звездные войны] ,#2,54751,Известия Hall,"5 апреля, Среда"
[новички] ,#809,54748,Резиденция,"5 апреля, Среда"
"Квиз, плиз! ",#809,54747,Chesterfield Bar,"5 апреля, Среда"
"Квиз, плиз! [WTF] ",#3,54750,Old School Pub,"5 апреля, Среда"
"Квиз, плиз! ",#809,54744,Chesterfield Bar,"4 апреля, Вторник"
Кино и музыка [новички] ,#128,54745,Резиденция,"4 апреля, Вторник"
[music party] 90-х ,#2,54465,Chesterfield Bar,"3 апреля, Понедельник"
"Квиз, плиз! ",#809,54743,Резиденция,"3 апреля, Понедельник"
"Квиз, плиз! ",#808,54340,Chesterfield Bar,"2 апреля, Воскресенье"
Про кино [стрим] ,#2,54776,"Везде, где есть интернет","2 апреля, Воскресенье"
[назад в 2010-е] ,#2,54341,Резиденция,"2 апреля, Воскресенье"
"Квиз, плиз!.jpeg ",#2,54339,Chesterfield Bar,"2 апреля, Воскресенье"
"Квиз, плиз! [WTF] ",#3,54336,Chesterfield Bar,"1 апреля, Суббота"
"Квиз, плиз! [стрим] ",#317,54775,"Везде, где есть интернет","1 апреля, Суббота"
"Квиз, плиз! ",#808,54338,"Дорогая, я перезвоню","1 апреля, Суббота"
"Квиз, плиз! ",#808,54337,Резиденция,"1 апреля, Суббота"
[кино и музыка] ,#129,54334,Chesterfield Bar,"1 апреля, Суббота"
[про кино] Тарантино ,#1,54333,Резиденция,"1 апреля, Суббота"
"Квиз, плиз! ",#807,54332,Известия Hall,"31 марта, Пятница"
"Квиз, плиз! ",#807,54328,CLUB LIBERTY BAR,"31 марта, Пятница"
"Квиз, плиз! ",#808,54327,Chesterfield Bar,"31 марта, Пятница"
"Квиз, плиз! [зумеры vs бумеры] ",#1,54330,Резиденция,"31 марта, Пятница"
"Квиз, плиз! [стрим] ",#316,54774,"Везде, где есть интернет","31 марта, Пятница"
"[English, please!] ",#806,54065,"Darling, I'll call you later","30 марта, Четверг"
[кино и музыка] ,#129,54322,Резиденция,"30 марта, Четверг"
"Квиз, плиз! ",#807,54323,CLUB LIBERTY BAR,"30 марта, Четверг"
"Квиз, плиз! ",#808,54317,Chesterfield Bar,"30 марта, Четверг"
музыка [шазам] рашн эдишн ,#4,54591,Papa' S Bar & Grill,"30 марта, Четверг"
[назад в 2010-е] ,#2,54312,Old School Pub,"29 марта, Среда"
[новички] ,#806,54309,Резиденция,"29 марта, Среда"
"Квиз, плиз! ",#807,54307,Chesterfield Bar,"29 марта, Среда"
"Квиз, плиз!.jpeg ",#2,54315,Bla Bla Bar,"29 марта, Среда"
"Квиз, плиз! ",#806,54305,Резиденция,"28 марта, Вторник"
музыка [шазам] рашн эдишн ,#4,54064,Chesterfield Bar,"28 марта, Вторник"
"Квиз, плиз! ",#806,54303,Резиденция,"27 марта, Понедельник"
"Квиз, плиз! [WTF] ",#3,54058,Chesterfield Bar,"27 марта, Понедельник"
"Квиз, плиз! ",#805,53962,Chesterfield Bar,"26 марта, Воскресенье"
Кино и музыка [стрим] ,#75,54345,"Везде, где есть интернет","26 марта, Воскресенье"
"Квиз, плиз! [зумеры vs бумеры] ",#1,53964,Резиденция,"26 марта, Воскресенье"
[кино и музыка] ,#128,53960,Chesterfield Bar,"26 марта, Воскресенье"
[afterparty] ,#2,53957,Резиденция,"25 марта, Суббота"
"Квиз, плиз! ",#805,53951,Chesterfield Bar,"25 марта, Суббота"
"Квиз, плиз! [стрим] ",#315,54343,"Везде, где есть интернет","25 марта, Суббота"
[music party] romantic collection ,#1,53959,"Дорогая, я перезвоню","25 марта, Суббота"
"Квиз, плиз! ",#804,53955,Резиденция,"25 марта, Суббота"
"Квиз, плиз!.jpeg ",#2,53950,Chesterfield Bar,"25 марта, Суббота"
[назад в 2010-е] ,#2,53947,МИР,"24 марта, Пятница"
"Квиз, плиз! ",#804,53944,CLUB LIBERTY BAR,"24 марта, Пятница"
"Квиз, плиз! ",#805,53940,Chesterfield Bar,"24 марта, Пятница"
"Квиз, плиз! ",#805,53942,Резиденция,"24 марта, Пятница"
"Квиз, плиз! [стрим] ",#314,54342,"Везде, где есть интернет","24 марта, Пятница"
[Кино и TV] 2000-е ,#1,53922,CLUB LIBERTY BAR,"23 марта, Четверг"
[кино и музыка] ,#128,53920,Резиденция,"23 марта, Четверг"
[про кино] Тарантино ,#1,53705,Известия Hall,"23 марта, Четверг"
"Квиз, плиз! ",#804,53921,"Дорогая, я перезвоню","23 марта, Четверг"
"Квиз, плиз! ",#804,53919,Chesterfield Bar,"23 марта, Четверг"
[назад в 90-е] ,#4,53918,Old School Pub,"22 марта, Среда"
"Квиз, плиз! ",#803,53915,Chesterfield Bar,"22 марта, Среда"
Кино и музыка [новички] ,#127,53917,Резиденция,"22 марта, Среда"
[новички] ,#803,53913,Резиденция,"21 марта, Вторник"
"Квиз, плиз! ",#803,53912,Chesterfield Bar,"21 марта, Вторник"
"Квиз, плиз! ",#803,53911,Резиденция,"20 марта, Понедельник"
"Квиз, плиз!.jpeg ",#2,53702,Chesterfield Bar,"20 марта, Понедельник"
"Квиз, плиз! ",#802,53604,Chesterfield Bar,"19 марта, Воскресенье"
Рок vs попса [стрим] ,#1,53971,"Везде, где есть интернет","19 марта, Воскресенье"
[music party] romantic collection ,#1,53605,Резиденция,"19 марта, Воскресенье"
[кино и музыка] ,#128,53603,Chesterfield Bar,"19 марта, Воскресенье"
[teens] ,#26,53606,Bla Bla Bar,"19 марта, Воскресенье"
"Квиз, плиз! ",#802,53593,Chesterfield Bar,"18 марта, Суббота"
"Квиз, плиз! ",#802,53595,Резиденция,"18 марта, Суббота"
"Квиз, плиз! [стрим] ",#313,53969,"Везде, где есть интернет","18 марта, Суббота"
"Квиз, плиз! [зумеры vs бумеры] ",#1,53602,"Дорогая, я перезвоню","18 марта, Суббота"
[назад в 2010-е] ,#2,53591,Chesterfield Bar,"18 марта, Суббота"
"Квиз, плиз! ",#801,53588,Резиденция,"17 марта, Пятница"
"Квиз, плиз! ",#801,53590,CLUB LIBERTY BAR,"17 марта, Пятница"
"Квиз, плиз! ",#802,53586,Chesterfield Bar,"17 марта, Пятница"
"Квиз, плиз! [стрим] ",#312,53967,"Везде, где есть интернет","17 марта, Пятница"
[music party] рок ,#1,53582,CLUB LIBERTY BAR,"16 марта, Четверг"
[Кино и TV] 2000-е ,#1,53581,"Дорогая, я перезвоню","16 марта, Четверг"
"Квиз, плиз! ",#801,53579,Резиденция,"16 марта, Четверг"
"Квиз, плиз! ",#801,53584,Bla Bla Bar,"16 марта, Четверг"
Церемония открытия сезона игр [кино и музыка] ,,53571,Chesterfield Bar,"16 марта, Четверг"
[кино и музыка] ,#128,53566,Резиденция,"15 марта, Среда"
[новички] ,#800,53569,Old School Pub,"15 марта, Среда"
"Квиз, плиз! ",#800,53564,Chesterfield Bar,"15 марта, Среда"
[Шерлок] ,#1,53561,Резиденция,"14 марта, Вторник"
"Квиз, плиз! ",#800,53558,Chesterfield Bar,"14 марта, Вторник"
[Гарри Поттер] Битва факультетов ,#3,66189,Chesterfield Bar,"7 ноября, Вторник"
"Квиз, плиз! ",#902,66466,Резиденция,"7 ноября, Вторник"
"Квиз, плиз! ",#902,66481,Chesterfield Bar,"6 ноября, Понедельник"
Про кино [стрим] ,#3,66564,"Везде, где есть интернет","6 ноября, Понедельник"
[назад в СССР] ,#7,66465,Резиденция,"6 ноября, Понедельник"
[1990е VS 2000е] ,#2,66188,Chesterfield Bar,"6 ноября, Понедельник"
"Квиз, плиз! ",#901,65987,Chesterfield Bar,"5 ноября, Воскресенье"
Кино и музыка [стрим] ,#91,66452,"Везде, где есть интернет","5 ноября, Воскресенье"
[Гарри Поттер] Битва факультетов ,#2,65980,Резиденция,"5 ноября, Воскресенье"
[новички] ,#900,66185,Papa' S Bar & Grill,"5 ноября, Воскресенье"
[Октоберфест] ,#1,66186,"Дорогая, я перезвоню","5 ноября, Воскресенье"
[кино и музыка] ,#144,65989,Chesterfield Bar,"5 ноября, Воскресенье"
"Квиз, плиз! ",#901,65988,Chesterfield Bar,"4 ноября, Суббота"
"Квиз, плиз! [стрим] ",#381,66451,"Везде, где есть интернет","4 ноября, Суббота"
[300к1] 18+ ,#3,66004,"Дорогая, я перезвоню","4 ноября, Суббота"
"Квиз, плиз! ",#900,65981,Резиденция,"4 ноября, Суббота"
"Квиз, плиз! ",#901,65999,Papa' S Bar & Grill,"4 ноября, Суббота"
[music party] кринж эдишн ,#2,65990,Chesterfield Bar,"4 ноября, Суббота"
[мультики] ,#8,65995,Old School Pub,"4 ноября, Суббота"
[назад в СССР] ,#7,66002,CLUB LIBERTY BAR,"3 ноября, Пятница"
[шазам] 2010-е ,#2,65982,Резиденция,"3 ноября, Пятница"
"Квиз, плиз! ",#901,65991,Chesterfield Bar,"3 ноября, Пятница"
"Квиз, плиз! [стрим] ",#380,66450,"Везде, где есть интернет","3 ноября, Пятница"
"Квиз, плиз! ",#900,65998,Papa' S Bar & Grill,"3 ноября, Пятница"
[300к1] 18+ ,#3,66003,"Дорогая, я перезвоню","2 ноября, Четверг"
[Гарри Поттер] Битва факультетов ,#2,66000,Bla Bla Bar,"2 ноября, Четверг"
[кино и музыка] ,#144,65983,Резиденция,"2 ноября, Четверг"
"Квиз, плиз! ",#899,66001,CLUB LIBERTY BAR,"2 ноября, Четверг"
"Квиз, плиз! ",#900,65992,Chesterfield Bar,"2 ноября, Четверг"
"Квиз, плиз! ",#800,53556,Резиденция,"13 марта, Понедельник"
"Квиз, плиз! [зумеры vs бумеры] ",#1,53553,Chesterfield Bar,"13 марта, Понедельник"
"Квиз, плиз! ",#799,53193,Chesterfield Bar,"12 марта, Воскресенье"
Кино и музыка [стрим] ,#74,53610,"Везде, где есть интернет","12 марта, Воскресенье"
[music party] рок ,#1,53194,Резиденция,"12 марта, Воскресенье"
[music party] romantic collection ,#1,53192,Chesterfield Bar,"12 марта, Воскресенье"
"Квиз, плиз! [бранч] ",#798,53195,"Фудмолл ""Три вокзала.ДЕПО""","12 марта, Воскресенье"
"Квиз, плиз! ",#799,53184,Chesterfield Bar,"11 марта, Суббота"
"Квиз, плиз! [стрим] ",#311,53609,"Везде, где есть интернет","11 марта, Суббота"
[назад в 90-е] ,#4,53189,"Дорогая, я перезвоню","11 марта, Суббота"
"Квиз, плиз! ",#799,53187,Резиденция,"11 марта, Суббота"
[кино и музыка] ,#127,53167,Chesterfield Bar,"11 марта, Суббота"
"Квиз, плиз! ",#798,53162,Резиденция,"10 марта, Пятница"
"Квиз, плиз! ",#798,53165,CLUB LIBERTY BAR,"10 марта, Пятница"
"Квиз, плиз! ",#799,53157,Chesterfield Bar,"10 марта, Пятница"
"Квиз, плиз! [стрим] ",#310,53608,"Везде, где есть интернет","10 марта, Пятница"
[music party] ,#6,53155,"Фудмолл ""Три вокзала.ДЕПО""","9 марта, Четверг"
[Кино и TV] 2000-е ,#1,53152,CLUB LIBERTY BAR,"9 марта, Четверг"
"Квиз, плиз! ",#797,53151,"Дорогая, я перезвоню","9 марта, Четверг"
"Квиз, плиз! ",#798,53150,Резиденция,"9 марта, Четверг"
"Квиз, плиз! ",#799,53149,Chesterfield Bar,"9 марта, Четверг"
"Квиз, плиз! ",#798,53145,Chesterfield Bar,"8 марта, Среда"
Кино и музыка [стрим] романтика ,#1,53607,"Везде, где есть интернет","8 марта, Среда"
[кино и музыка] ,#127,53148,Bla Bla Bar,"8 марта, Среда"
"Квиз, плиз! ",#797,53146,Резиденция,"8 марта, Среда"
[мультики] ,#7,53147,Old School Pub,"8 марта, Среда"
[music party] romantic collection ,#1,53143,Chesterfield Bar,"8 марта, Среда"
[новички] ,#797,53141,Резиденция,"7 марта, Вторник"
"Квиз, плиз! ",#797,53140,Chesterfield Bar,"7 марта, Вторник"
[music party] romantic collection ,#1,52920,Chesterfield Bar,"6 марта, Понедельник"
"Квиз, плиз! ",#797,53138,Резиденция,"6 марта, Понедельник"
300к1 [стрим] 18+ ,#1,53198,"Везде, где есть интернет","5 марта, Воскресенье"
"Квиз, плиз! ",#796,52762,Chesterfield Bar,"5 марта, Воскресенье"
[Властелин колец] ,#2,52763,Резиденция,"5 марта, Воскресенье"
[кино и музыка] ,#127,52761,Chesterfield Bar,"5 марта, Воскресенье"
"Квиз, плиз! ",#796,52758,Chesterfield Bar,"4 марта, Суббота"
"Квиз, плиз! [стрим] ",#309,53197,"Везде, где есть интернет","4 марта, Суббота"
"Квиз, плиз! ",#795,52759,Резиденция,"4 марта, Суббота"
"Квиз, плиз! ",#796,52760,"Дорогая, я перезвоню","4 марта, Суббота"
[Кино и TV] 2000-е ,#1,52753,Chesterfield Bar,"4 марта, Суббота"
"Квиз, плиз! ",#795,52749,Резиденция,"3 марта, Пятница"
"Квиз, плиз! ",#795,52750,CLUB LIBERTY BAR,"3 марта, Пятница"
"Квиз, плиз! ",#796,52748,Chesterfield Bar,"3 марта, Пятница"
"Квиз, плиз! [стрим] ",#308,53196,"Везде, где есть интернет","3 марта, Пятница"
[300к1] ,#5,52746,Bla Bla Bar,"2 марта, Четверг"
[кино и музыка] ,#127,52739,Резиденция,"2 марта, Четверг"
[мультики] ,#7,52742,CLUB LIBERTY BAR,"2 марта, Четверг"
"Квиз, плиз! ",#794,52740,"Дорогая, я перезвоню","2 марта, Четверг"
"Квиз, плиз! ",#795,52743,Известия Hall,"2 марта, Четверг"
ОТКРЫТИЕ ВЕСЕННЕГО СЕЗОНА [финал] ,,52738,Chesterfield Bar,"2 марта, Четверг"
[Клиника] ,#1,52460,Old School Pub,"1 марта, Среда"
[новички] ,#794,52721,Резиденция,"1 марта, Среда"
"Квиз, плиз! ",#794,52718,Chesterfield Bar,"1 марта, Среда"
[Шерлок] ,#1,53260,Chesterfield Bar,"28 февраля, Вторник"
"Квиз, плиз! ",#794,53261,Резиденция,"28 февраля, Вторник"
Кино и музыка [новички] ,#126,53259,Бар 1929,"28 февраля, Вторник"
[Кино и TV] 2000-е ,#1,52459,Chesterfield Bar,"27 февраля, Понедельник"
"Квиз, плиз! ",#793,52710,Резиденция,"27 февраля, Понедельник"
"Квиз, плиз! ",#793,52418,Chesterfield Bar,"26 февраля, Воскресенье"
Кино и музыка [стрим] ,#73,52766,"Везде, где есть интернет","26 февраля, Воскресенье"
[кино и музыка] ,#126,52421,Резиденция,"26 февраля, Воскресенье"
[music party] рок ,#1,52417,Chesterfield Bar,"26 февраля, Воскресенье"
[бранч] масленица ,#792,52424,"Фудмолл ""ДЕПО.Москва""","26 февраля, Воскресенье"
"Квиз, плиз! ",#792,52416,Резиденция,"25 февраля, Суббота"
"Квиз, плиз! ",#793,52414,Chesterfield Bar,"25 февраля, Суббота"
"Квиз, плиз! [стрим] ",#307,52765,"Везде, где есть интернет","25 февраля, Суббота"
[music party] ,#6,52415,"Дорогая, я перезвоню","25 февраля, Суббота"
"Квиз, плиз! ",#792,52413,Chesterfield Bar,"25 февраля, Суббота"
[Властелин колец] ,#2,51784,Известия Hall,"24 февраля, Пятница"
"Квиз, плиз! ",#791,52613,CLUB LIBERTY BAR,"24 февраля, Пятница"
"Квиз, плиз! ",#793,52407,Chesterfield Bar,"24 февраля, Пятница"
"Квиз, плиз! [стрим] ",#306,52764,"Везде, где есть интернет","24 февраля, Пятница"
"Квиз, плиз! ",#791,52431,Резиденция,"24 февраля, Пятница"
[Друзья] ,#3,52412,CLUB LIBERTY BAR,"24 февраля, Пятница"
[мультики] ,#7,52406,Chesterfield Bar,"24 февраля, Пятница"
Music party [стрим] кринж эдишн ,#1,52767,"Везде, где есть интернет","23 февраля, Четверг"
[music party] рок ,#1,52405,Lookin Rooms,"23 февраля, Четверг"
"Квиз, плиз! ",#792,52392,Chesterfield Bar,"23 февраля, Четверг"
"[English, please!] ",#792,52128,"Darling, I'll call you later","23 февраля, Четверг"
[кино и музыка] ,#126,52402,Резиденция,"23 февраля, Четверг"
"Квиз, плиз! ",#791,52404,CLUB LIBERTY BAR,"23 февраля, Четверг"
[назад в 90-е] ,#4,52390,Chesterfield Bar,"23 февраля, Четверг"
[Клиника] ,#1,52159,МИР,"22 февраля, Среда"
ОТКРЫТИЕ ВЕСЕННЕГО СЕЗОНА [полуфинал] ,#791,52378,Chesterfield Bar,"22 февраля, Среда"
ОТКРЫТИЕ ВЕСЕННЕГО СЕЗОНА [полуфинал] ,#791,52379,Резиденция,"22 февраля, Среда"
"Квиз, плиз! ",#790,52382,"Дорогая, я перезвоню","22 февраля, Среда"
[новички] ,#790,52377,Резиденция,"21 февраля, Вторник"
"Квиз, плиз! ",#790,52376,Chesterfield Bar,"21 февраля, Вторник"
[music party] рок ,#1,52079,Chesterfield Bar,"20 февраля, Понедельник"
"Квиз, плиз! ",#790,52375,Резиденция,"20 февраля, Понедельник"
2000е vs 2010е [стрим] ,#1,52428,"Везде, где есть интернет","19 февраля, Воскресенье"
"Квиз, плиз! ",#789,51852,Chesterfield Bar,"19 февраля, Воскресенье"
[music party] ,#6,51853,Резиденция,"19 февраля, Воскресенье"
[мультики] ,#7,51851,Chesterfield Bar,"19 февраля, Воскресенье"
"Квиз, плиз! ",#789,51848,Chesterfield Bar,"18 февраля, Суббота"
"Квиз, плиз! [стрим] ",#305,52426,"Везде, где есть интернет","18 февраля, Суббота"
[назад в 90-е] ,#4,51850,"Дорогая, я перезвоню","18 февраля, Суббота"
"Квиз, плиз! ",#788,51849,Резиденция,"18 февраля, Суббота"
[кино и музыка] ,#126,51847,Chesterfield Bar,"18 февраля, Суббота"
[300к1] ,#5,52504,Известия Hall,"17 февраля, Пятница"
"Квиз, плиз! ",#788,51844,Резиденция,"17 февраля, Пятница"
"Квиз, плиз! ",#789,51843,Chesterfield Bar,"17 февраля, Пятница"
"Квиз, плиз! ",#789,51845,CLUB LIBERTY BAR,"17 февраля, Пятница"
"Квиз, плиз! [стрим] ",#304,52425,"Везде, где есть интернет","17 февраля, Пятница"
[music party] кринж эдишн ,#1,51842,"Фудмолл ""Три вокзала.ДЕПО""","16 февраля, Четверг"
[кино и музыка] ,#126,51839,Резиденция,"16 февраля, Четверг"
[назад в 90-е] ,#4,51841,CLUB LIBERTY BAR,"16 февраля, Четверг"
[Очень странные дела] ,#1,51374,Известия Hall,"16 февраля, Четверг"
"Квиз, плиз! ",#788,51840,"Дорогая, я перезвоню","16 февраля, Четверг"
"Квиз, плиз! ",#788,51838,Chesterfield Bar,"16 февраля, Четверг"
[мультики] ,#7,51836,Резиденция,"15 февраля, Среда"
"Квиз, плиз! ",#787,51835,Chesterfield Bar,"15 февраля, Среда"
Кино и музыка [новички] ,#125,51837,Old School Pub,"15 февраля, Среда"
[новички] ,#787,51834,Резиденция,"14 февраля, Вторник"
"Квиз, плиз! ",#787,51833,Chesterfield Bar,"14 февраля, Вторник"
[назад в 90-е] ,#4,51691,Chesterfield Bar,"13 февраля, Понедельник"
"Квиз, плиз! ",#787,51832,Резиденция,"13 февраля, Понедельник"
"Квиз, плиз! ",#786,51630,Chesterfield Bar,"12 февраля, Воскресенье"
Кино и музыка [стрим] ,#72,51856,"Везде, где есть интернет","12 февраля, Воскресенье"
[Друзья] ,#3,51631,Резиденция,"12 февраля, Воскресенье"
[кино и музыка] ,#125,51629,Chesterfield Bar,"12 февраля, Воскресенье"
[teens] ,#25,51632,Old School Pub,"12 февраля, Воскресенье"
"Квиз, плиз! ",#786,51626,Chesterfield Bar,"11 февраля, Суббота"
"Квиз, плиз! [стрим] ",#303,51855,"Везде, где есть интернет","11 февраля, Суббота"
[2000е vs 2010е] ,#1,51627,Резиденция,"11 февраля, Суббота"
[music party] ,#6,51628,"Дорогая, я перезвоню","11 февраля, Суббота"
"Квиз, плиз! ",#785,51625,Chesterfield Bar,"11 февраля, Суббота"
[300к1] ,#5,51622,CLUB LIBERTY BAR,"10 февраля, Пятница"
"Квиз, плиз! ",#785,51624,Известия Hall,"10 февраля, Пятница"
"Квиз, плиз! ",#785,51621,Резиденция,"10 февраля, Пятница"
"Квиз, плиз! ",#786,51620,Chesterfield Bar,"10 февраля, Пятница"
"Квиз, плиз! ",#786,51623,LUDI,"10 февраля, Пятница"
"Квиз, плиз! [стрим] ",#302,51854,"Везде, где есть интернет","10 февраля, Пятница"
[кино и музыка] ,#125,51616,Резиденция,"9 февраля, Четверг"
[новички] ,#784,51619,LUDI,"9 февраля, Четверг"
[про кино] ,#2,51618,CLUB LIBERTY BAR,"9 февраля, Четверг"
"Квиз, плиз! ",#785,51617,"Дорогая, я перезвоню","9 февраля, Четверг"
"Квиз, плиз! ",#785,51615,Chesterfield Bar,"9 февраля, Четверг"
[music party] ,#6,51614,Old School Pub,"8 февраля, Среда"
[Друзья] ,#3,51373,Известия Hall,"8 февраля, Среда"
"Квиз, плиз! ",#784,51611,Chesterfield Bar,"8 февраля, Среда"
"Квиз, плиз! ",#784,51612,Резиденция,"8 февраля, Среда"
[кино и музыка] ,#125,51610,Резиденция,"7 февраля, Вторник"
"Квиз, плиз! ",#784,51608,Chesterfield Bar,"7 февраля, Вторник"
[music party] ,#6,51370,Chesterfield Bar,"6 февраля, Понедельник"
"Квиз, плиз! ",#784,51607,Резиденция,"6 февраля, Понедельник"
[music party] актуал ,#1,51638,"Везде, где есть интернет","5 февраля, Воскресенье"
"Квиз, плиз! ",#783,51247,Chesterfield Bar,"5 февраля, Воскресенье"
"Квиз, плиз!.jpeg ",#1,51248,Резиденция,"5 февраля, Воскресенье"
[300к1] ,#5,51246,Chesterfield Bar,"5 февраля, Воскресенье"
"Квиз, плиз! [бранч] ",#782,51250,"Фудмолл ""Три вокзала.ДЕПО""","5 февраля, Воскресенье"
"Квиз, плиз! ",#783,51243,Chesterfield Bar,"4 февраля, Суббота"
"Квиз, плиз! [стрим] ",#301,51635,"Везде, где есть интернет","4 февраля, Суббота"
[300к1] 18+ ,#1,51244,Резиденция,"4 февраля, Суббота"
"Квиз, плиз! ",#783,51245,"Дорогая, я перезвоню","4 февраля, Суббота"
[кино и музыка] ,#125,51242,Chesterfield Bar,"4 февраля, Суббота"
[про кино] ,#2,51241,LUDI,"3 февраля, Пятница"
[2000е vs 2010е] ,#1,51239,CLUB LIBERTY BAR,"3 февраля, Пятница"
"Квиз, плиз! ",#782,51240,Известия Hall,"3 февраля, Пятница"
"Квиз, плиз! ",#782,51238,Резиденция,"3 февраля, Пятница"
"Квиз, плиз! ",#783,51237,Chesterfield Bar,"3 февраля, Пятница"
"Квиз, плиз! [стрим] ",#300,51633,"Везде, где есть интернет","3 февраля, Пятница"
[music party] кринж эдишн ,#1,51233,CLUB LIBERTY BAR,"2 февраля, Четверг"
[кино и музыка] ,#125,51231,Резиденция,"2 февраля, Четверг"
[назад в СССР] ,#5,51235,LUDI,"2 февраля, Четверг"
"Квиз, плиз! ",#782,51232,"Дорогая, я перезвоню","2 февраля, Четверг"
"Квиз, плиз! ",#782,51230,Chesterfield Bar,"2 февраля, Четверг"
[300к1] ,#5,51229,Old School Pub,"1 февраля, Среда"
"Квиз, плиз! ",#781,51225,Chesterfield Bar,"1 февраля, Среда"
Кино и музыка [новички] ,#124,51227,Резиденция,"1 февраля, Среда"
[новички] ,#781,51223,Резиденция,"31 января, Вторник"
"Квиз, плиз! ",#781,51222,Chesterfield Bar,"31 января, Вторник"
[300к1] ,#5,50886,Chesterfield Bar,"30 января, Понедельник"
"Квиз, плиз! ",#781,51221,Резиденция,"30 января, Понедельник"
"Квиз, плиз! ",#780,50878,Chesterfield Bar,"29 января, Воскресенье"
Кино и музыка [стрим] ,#71,51253,"Везде, где есть интернет","29 января, Воскресенье"
[music party] кринж эдишн ,#1,50879,Резиденция,"29 января, Воскресенье"
[про кино] ,#2,50877,Chesterfield Bar,"29 января, Воскресенье"
"Квиз, плиз! ",#780,50874,Chesterfield Bar,"28 января, Суббота"
"Квиз, плиз! [стрим] ",#299,51252,"Везде, где есть интернет","28 января, Суббота"
[2000е vs 2010е] ,#1,50875,Резиденция,"28 января, Суббота"
"Квиз, плиз! ",#780,50876,"Дорогая, я перезвоню","28 января, Суббота"
[кино и музыка] ,#124,50873,Chesterfield Bar,"28 января, Суббота"
[назад в СССР] ,#5,50870,CLUB LIBERTY BAR,"27 января, Пятница"
"Квиз, плиз! ",#779,50869,Резиденция,"27 января, Пятница"
"Квиз, плиз! ",#780,50868,Chesterfield Bar,"27 января, Пятница"
"Квиз, плиз! [стрим] ",#298,51251,"Везде, где есть интернет","27 января, Пятница"
"Квиз, плиз!.jpeg ",#1,50871,LUDI,"27 января, Пятница"
[music party] кринж эдишн ,#1,50865,CLUB LIBERTY BAR,"26 января, Четверг"
[про кино] ,#2,50866,"Дорогая, я перезвоню","26 января, Четверг"
"Квиз, плиз! ",#778,50867,Известия Hall,"26 января, Четверг"
"Квиз, плиз! ",#779,50863,Chesterfield Bar,"26 января, Четверг"
"Квиз, плиз! [железные яйца] ",#4,50864,Резиденция,"26 января, Четверг"
[300к1] 18+ ,#1,50862,Old School Pub,"25 января, Среда"
[кино и музыка] ,#124,50861,Резиденция,"25 января, Среда"
"Квиз, плиз! ",#778,50860,Chesterfield Bar,"25 января, Среда"
[новички] ,#778,50859,Резиденция,"24 января, Вторник"
"Квиз, плиз! ",#778,50858,Chesterfield Bar,"24 января, Вторник"
[про кино] ,#2,50658,Chesterfield Bar,"23 января, Понедельник"
"Квиз, плиз! ",#778,50855,Резиденция,"23 января, Понедельник"
[300к1] 18+ ,#1,50535,Резиденция,"22 января, Воскресенье"
Кино и TV [стрим] 90-е vs 2000-е ,#1,50885,"Везде, где есть интернет","22 января, Воскресенье"
"Квиз, плиз! ",#777,50538,Известия Hall,"22 января, Воскресенье"
[кино и музыка] ,#124,50536,Резиденция,"22 января, Воскресенье"
"Квиз, плиз! ",#777,50532,Chesterfield Bar,"21 января, Суббота"
"Квиз, плиз! [стрим] ",#297,50881,"Везде, где есть интернет","21 января, Суббота"
[назад в СССР] ,#5,50534,"Дорогая, я перезвоню","21 января, Суббота"
"Квиз, плиз! ",#777,50533,Резиденция,"21 января, Суббота"
"Квиз, плиз!.jpeg ",#1,50531,Chesterfield Bar,"21 января, Суббота"
[300к1] 18+ ,#1,50530,CLUB LIBERTY BAR,"20 января, Пятница"
"Квиз, плиз! ",#776,50528,LUDI,"20 января, Пятница"
"Квиз, плиз! ",#777,50526,Chesterfield Bar,"20 января, Пятница"
"Квиз, плиз! ",#777,50527,Резиденция,"20 января, Пятница"
"Квиз, плиз! [железные яйца] ",#4,50529,Известия Hall,"20 января, Пятница"
"Квиз, плиз! [стрим] ",#296,50880,"Везде, где есть интернет","20 января, Пятница"
[Гарри Поттер] ФИНАЛ (повтор) ,#1,50525,Известия Hall,"19 января, Четверг"
[кино и музыка] ,#124,50522,Резиденция,"19 января, Четверг"
[назад в СССР] ,#5,50523,CLUB LIBERTY BAR,"19 января, Четверг"
"Квиз, плиз! ",#776,50524,"Дорогая, я перезвоню","19 января, Четверг"
"Квиз, плиз! ",#776,50521,Chesterfield Bar,"19 января, Четверг"
[2000е vs 2010е] ,#1,50519,Резиденция,"18 января, Среда"
[новички] ,#775,50520,Old School Pub,"18 января, Среда"
"Квиз, плиз! ",#776,50518,Chesterfield Bar,"18 января, Среда"
"Квиз, плиз! ",#776,50515,Chesterfield Bar,"17 января, Вторник"
Кино и музыка [новички] ,#123,50517,Резиденция,"17 января, Вторник"
[назад в СССР] ,#5,50512,Chesterfield Bar,"16 января, Понедельник"
"Квиз, плиз! ",#775,50513,Резиденция,"16 января, Понедельник"
"Квиз, плиз! ",#775,49891,Chesterfield Bar,"15 января, Воскресенье"
Кино и музыка [стрим] ,#70,50542,"Везде, где есть интернет","15 января, Воскресенье"
[Кино и TV] 90-е vs 2000-е ,#1,49892,Резиденция,"15 января, Воскресенье"
[300к1] 18+ ,#1,49889,Chesterfield Bar,"15 января, Воскресенье"
"Квиз, плиз! ",#775,49884,Chesterfield Bar,"14 января, Суббота"
"Квиз, плиз! [стрим] ",#295,50541,"Везде, где есть интернет","14 января, Суббота"
[music party] кринж эдишн ,#1,49887,"Дорогая, я перезвоню","14 января, Суббота"
"Квиз, плиз! ",#774,49886,Резиденция,"14 января, Суббота"
"Квиз, плиз!.jpeg ",#1,49906,Chesterfield Bar,"14 января, Суббота"
[300к1] 18+ ,#1,49882,Известия Hall,"13 января, Пятница"
[кино и музыка] ,#123,49881,LUDI,"13 января, Пятница"
"Квиз, плиз! ",#773,49879,Резиденция,"13 января, Пятница"
"Квиз, плиз! ",#773,49880,CLUB LIBERTY BAR,"13 января, Пятница"
